,codmunre,1998,1999,2000,2001,2002,2003,2004,2005,2006,2007,2008,2009,2010,2011,2012,2013,2014,2015,2016,2017,2018,codmunicipio,MUNICIPIO,codptore,DPTO
0,05001,117,140,152,121,156,181,166,138,181,168,179,192,197,206,213,223,236,223,256,272,243,05001,medellín,05,Antioquia
1,05002,0,0,1,0,0,0,1,2,0,0,1,0,1,0,0,2,1,1,4,1,0,05002,abejorral,05,Antioquia
2,05004,0,0,0,0,0,0,0,0,0,0,0,0,0,0,0,0,2,1,0,1,0,05004,abriaquí,05,Antioquia
3,05021,1,0,0,0,0,0,0,0,0,0,0,0,0,0,0,0,0,0,0,0,0,05021,alejandría,05,Antioquia
4,05030,0,1,2,0,0,1,0,1,1,0,0,1,3,4,1,1,2,1,3,3,1,05030,amagá,05,Antioquia
5,05031,1,2,0,1,1,0,0,0,0,0,2,1,0,2,1,0,2,4,0,0,2,05031,amalfi,05,Antioquia
6,05034,1,1,0,1,1,6,3,2,0,2,1,2,3,3,2,2,4,2,3,3,1,05034,andes,05,Antioquia
7,05036,0,0,0,0,0,0,1,0,0,0,0,0,0,0,0,0,0,1,0,0,0,05036,angelópolis,05,Antioquia
8,05038,0,0,0,1,3,0,0,0,0,0,0,0,0,0,0,0,1,0,0,0,0,05038,angostura,05,Antioquia
9,05040,0,0,0,0,0,0,1,0,2,0,0,1,2,0,1,1,0,0,0,0,0,05040,anorí,05,Antioquia
10,05042,3,1,0,0,0,0,1,0,1,3,0,0,2,3,0,1,0,2,0,3,3,05042,santa fé de antioquia,05,Antioquia
11,05044,0,0,1,0,0,0,0,0,0,0,0,0,0,0,2,0,0,0,0,0,0,05044,anzá,05,Antioquia
12,05045,1,2,2,2,4,3,2,5,1,4,5,3,3,8,5,3,8,5,2,6,8,05045,apartadó,05,Antioquia
13,05051,1,0,1,0,0,1,0,0,1,2,0,0,2,1,2,1,1,0,0,1,1,05051,arboletes,05,Antioquia
14,05055,0,1,0,0,1,0,0,0,1,1,2,0,0,0,2,1,0,0,0,1,0,05055,argelia,05,Antioquia
15,05059,0,0,0,0,0,0,0,0,0,0,1,0,1,0,0,0,0,0,0,0,0,05059,armenia,05,Antioquia
16,05079,3,2,3,2,3,1,5,1,1,0,0,2,1,4,3,2,1,5,2,5,2,05079,barbosa,05,Antioquia
17,05086,0,0,0,0,0,0,0,0,0,1,0,1,1,0,0,0,1,0,0,0,0,05086,belmira,05,Antioquia
18,05088,19,19,18,26,16,26,19,25,31,20,16,31,20,20,28,26,32,32,28,43,38,05088,bello,05,Antioquia
19,05091,0,0,0,1,0,0,0,0,0,0,1,0,1,0,0,0,0,2,0,0,0,05091,betania,05,Antioquia
20,05093,0,0,1,0,1,0,0,1,0,0,0,1,0,1,1,0,1,1,1,1,5,05093,betulia,05,Antioquia
21,05101,2,1,0,4,4,4,3,1,1,2,3,2,3,4,2,3,1,2,1,3,0,05101,ciudad bolívar,05,Antioquia
22,05107,0,0,0,1,0,0,1,0,1,0,0,0,0,0,0,0,0,0,0,0,0,05107,briceño,05,Antioquia
23,05113,0,0,0,0,0,1,0,0,0,0,0,0,0,0,0,0,0,0,0,0,0,05113,buriticá,05,Antioquia
24,05120,1,0,1,1,0,1,0,0,1,1,1,0,1,0,0,0,0,0,0,0,0,05120,cáceres,05,Antioquia
25,05125,1,0,1,1,0,0,0,1,1,1,0,0,0,0,1,0,2,0,1,0,1,05125,caicedo,05,Antioquia
26,05129,2,4,2,3,3,4,6,4,3,1,2,9,5,4,2,4,7,6,6,7,5,05129,caldas,05,Antioquia
27,05134,0,0,0,0,0,0,0,0,1,0,1,1,1,0,0,1,0,0,0,0,0,05134,campamento,05,Antioquia
28,05138,0,1,0,0,0,2,0,1,1,0,0,0,1,1,1,1,2,1,0,1,0,05138,cañasgordas,05,Antioquia
29,05142,0,0,1,0,0,1,1,0,0,0,0,1,0,0,0,0,0,0,0,2,0,05142,caracolí,05,Antioquia
30,05145,0,0,0,2,0,1,0,0,0,1,0,0,0,0,0,0,1,0,0,2,0,05145,caramanta,05,Antioquia
31,05147,1,1,0,0,0,0,0,1,0,0,1,1,3,1,1,3,2,4,0,2,1,05147,carepa,05,Antioquia
32,05148,2,1,1,3,0,1,3,2,0,0,0,0,2,0,2,1,2,2,1,0,2,05148,el carmen de viboral,05,Antioquia
33,05150,0,0,0,2,0,0,0,0,0,0,1,1,0,0,0,0,0,0,0,0,0,05150,carolina,05,Antioquia
34,05154,1,2,2,7,3,1,1,5,2,2,2,1,0,2,2,3,3,5,3,3,4,05154,caucasia,05,Antioquia
35,05172,3,0,1,1,0,0,0,0,0,1,2,1,1,1,4,1,0,0,0,3,2,05172,chigorodó,05,Antioquia
36,05190,0,1,0,0,0,0,2,0,0,0,0,0,0,1,0,1,1,1,0,0,0,05190,cisneros,05,Antioquia
37,05197,1,0,0,0,2,1,0,0,0,0,0,0,0,0,0,0,0,0,1,1,0,05197,cocorná,05,Antioquia
38,05206,0,0,1,0,1,0,0,0,0,0,0,0,0,3,0,0,1,0,0,0,0,05206,concepción,05,Antioquia
39,05209,0,0,1,1,0,0,0,1,1,1,1,0,1,1,0,2,0,5,2,1,2,05209,concordia,05,Antioquia
40,05212,3,2,5,2,3,3,4,2,3,7,4,6,5,2,4,7,4,4,5,5,7,05212,copacabana,05,Antioquia
41,05234,0,0,0,0,1,2,1,0,0,0,0,0,0,0,0,1,1,1,0,2,1,05234,dabeiba,05,Antioquia
42,05237,2,0,0,1,1,0,1,0,2,1,1,0,0,2,2,0,0,1,0,0,3,05237,donmatías,05,Antioquia
43,05240,1,0,0,0,1,0,0,0,0,0,1,0,2,0,0,0,0,0,0,1,2,05240,ebéjico,05,Antioquia
44,05250,0,0,2,1,1,1,1,0,0,0,1,2,3,3,0,2,2,2,0,0,4,05250,el bagre,05,Antioquia
45,05264,1,0,0,0,0,0,1,0,0,2,0,0,0,0,0,2,1,0,1,1,3,05264,entrerríos,05,Antioquia
46,05266,12,10,11,8,9,14,19,15,13,14,15,18,19,18,25,27,17,21,15,24,28,05266,envigado,05,Antioquia
47,05282,1,1,2,1,0,0,1,1,1,1,0,0,3,1,0,0,0,1,2,0,1,05282,fredonia,05,Antioquia
48,05284,0,0,1,0,1,0,1,1,0,0,0,1,0,0,0,3,0,1,0,0,0,05284,frontino,05,Antioquia
49,05306,0,0,1,0,0,0,0,0,0,1,0,0,0,0,0,0,0,0,0,0,0,05306,giraldo,05,Antioquia
50,05308,2,3,1,2,1,3,2,1,2,3,1,0,4,4,1,3,5,2,2,5,4,05308,girardota,05,Antioquia
51,05310,0,2,0,0,1,1,1,0,0,0,0,0,3,1,1,1,0,0,0,1,1,05310,gómez plata,05,Antioquia
52,05313,1,0,0,1,0,0,0,1,0,0,1,0,1,2,0,0,0,1,0,1,0,05313,granada,05,Antioquia
53,05315,0,0,0,0,1,0,0,0,0,0,0,0,0,1,0,0,0,0,0,0,0,05315,guadalupe,05,Antioquia
54,05318,1,0,2,0,1,2,1,0,2,1,2,2,0,0,4,5,0,1,3,6,1,05318,guarne,05,Antioquia
55,05321,0,0,0,1,0,0,0,0,0,1,0,0,0,0,0,0,0,0,1,0,1,05321,guatapé,05,Antioquia
56,05347,0,0,0,0,0,0,0,1,0,0,0,0,0,0,1,0,0,0,0,0,0,05347,heliconia,05,Antioquia
57,05353,0,0,0,0,0,0,1,0,0,0,0,0,1,1,1,0,0,0,0,0,1,05353,hispania,05,Antioquia
58,05360,12,18,8,14,10,10,18,19,15,12,10,16,21,11,16,14,17,16,23,28,25,05360,itagüí,05,Antioquia
59,05361,0,0,0,0,1,1,0,0,0,0,2,0,3,1,0,0,0,0,1,0,2,05361,ituango,05,Antioquia
60,05364,2,0,0,1,2,0,1,2,0,0,0,1,0,1,2,0,1,4,1,0,1,05364,jardín,05,Antioquia
61,05368,1,2,0,2,0,2,0,2,0,0,1,3,1,0,2,1,0,1,3,0,0,05368,jericó,05,Antioquia
62,05376,1,6,0,1,0,3,1,3,3,3,7,3,2,3,5,3,1,4,4,4,7,05376,la ceja,05,Antioquia
63,05380,4,0,3,2,2,1,4,7,3,3,1,2,2,3,3,3,4,2,6,1,6,05380,la estrella,05,Antioquia
64,05390,0,0,0,2,0,1,0,0,1,0,2,1,0,2,0,0,0,1,1,0,0,05390,la pintada,05,Antioquia
65,05400,0,1,0,0,0,0,1,0,0,1,1,2,1,0,0,1,0,1,1,2,2,05400,la unión,05,Antioquia
66,05411,0,0,0,1,0,0,1,1,1,0,0,0,0,0,2,2,1,0,2,0,1,05411,liborina,05,Antioquia
67,05425,0,0,1,0,0,0,1,0,0,1,0,1,0,0,0,1,0,0,0,0,0,05425,maceo,05,Antioquia
68,05440,0,2,2,2,0,1,1,0,1,1,1,4,1,0,2,2,5,0,2,2,5,05440,marinilla,05,Antioquia
69,05467,0,1,1,1,1,0,1,2,0,0,0,0,0,0,0,0,0,1,0,0,0,05467,montebello,05,Antioquia
70,05480,0,0,0,0,0,0,1,0,0,0,0,0,0,0,0,0,0,0,0,1,0,05480,mutatá,05,Antioquia
71,05483,0,1,0,0,0,0,0,0,0,0,0,1,0,0,1,0,1,0,0,0,0,05483,nariño,05,Antioquia
72,05490,0,0,0,0,0,0,0,0,0,0,1,1,0,3,1,4,0,1,0,1,1,05490,necoclí,05,Antioquia
73,05495,0,0,0,0,0,0,0,0,0,0,0,0,0,0,0,0,1,0,0,0,0,05495,nechí,05,Antioquia
74,05501,0,0,0,0,0,0,0,0,0,0,0,0,0,0,0,1,0,0,0,0,0,05501,olaya,05,Antioquia
75,05541,0,3,0,0,0,1,0,2,0,0,0,0,1,0,0,0,0,0,1,0,2,05541,peñol,05,Antioquia
76,05543,0,0,1,1,0,0,0,0,0,0,0,0,1,0,0,0,0,0,0,0,0,05543,peque,05,Antioquia
77,05576,0,0,0,2,0,1,0,0,1,0,1,0,0,0,0,0,1,0,1,0,0,05576,pueblorrico,05,Antioquia
78,05579,4,2,4,4,2,3,4,3,5,6,2,2,1,3,1,1,4,0,4,2,0,05579,puerto berrío,05,Antioquia
79,05585,0,0,0,0,0,0,0,0,0,1,0,1,0,0,1,0,0,0,1,1,1,05585,puerto nare,05,Antioquia
80,05591,0,0,0,0,0,0,0,0,0,0,0,1,0,0,0,1,0,0,1,2,2,05591,puerto triunfo,05,Antioquia
81,05604,1,0,1,1,0,0,1,0,0,0,0,0,0,1,1,3,0,2,0,1,0,05604,remedios,05,Antioquia
82,05607,0,1,2,2,0,0,2,0,0,0,1,0,1,0,0,0,0,3,1,2,2,05607,retiro,05,Antioquia
83,05615,2,1,4,3,1,7,2,5,5,3,2,3,3,6,8,6,8,5,9,15,7,05615,rionegro,05,Antioquia
84,05628,0,0,0,0,0,0,0,1,0,0,1,0,0,0,0,0,0,0,0,1,0,05628,sabanalarga,05,Antioquia
85,05631,1,3,1,3,4,3,5,2,4,4,4,6,11,1,2,3,4,11,8,11,8,05631,sabaneta,05,Antioquia
86,05642,0,0,1,0,2,1,3,0,1,1,0,1,2,0,0,2,2,0,1,1,1,05642,salgar,05,Antioquia
87,05647,0,0,0,0,0,0,0,1,1,0,0,1,0,0,1,1,0,0,0,0,1,05647,san andrés de cuerquía,05,Antioquia
88,05649,0,0,0,1,0,0,0,0,0,0,0,1,0,1,0,1,0,0,1,1,1,05649,san carlos,05,Antioquia
89,05652,0,0,0,0,0,0,0,0,0,0,0,0,0,0,0,0,0,0,0,2,0,05652,san francisco,05,Antioquia
90,05656,0,0,0,1,0,1,1,0,0,0,0,0,1,0,2,0,0,0,0,1,0,05656,san jerónimo,05,Antioquia
91,05658,0,0,0,0,0,1,0,0,0,0,0,0,2,1,0,0,0,0,0,0,0,05658,san josé de la montaña,05,Antioquia
92,05660,0,0,1,0,0,0,0,0,0,0,0,0,1,0,1,2,2,0,0,0,0,05660,san luis,05,Antioquia
93,05664,0,0,1,0,0,0,0,1,0,0,1,0,1,1,1,0,0,0,1,0,2,05664,san pedro de los milagros,05,Antioquia
94,05665,0,0,0,0,0,0,0,0,1,1,0,0,0,0,2,0,1,1,0,1,1,05665,san pedro de urabá,05,Antioquia
95,05667,0,0,2,0,0,0,1,1,0,0,1,1,0,0,0,0,0,0,1,0,0,05667,san rafael,05,Antioquia
96,05670,0,1,0,0,1,1,0,0,0,2,1,1,0,0,0,1,0,0,0,0,1,05670,san roque,05,Antioquia
97,05674,1,0,2,0,1,0,0,0,0,1,1,0,0,1,1,0,0,0,2,0,0,05674,san vicente ferrer,05,Antioquia
98,05679,2,0,0,0,3,0,0,1,0,1,0,0,0,1,1,1,1,0,2,2,3,05679,santa bárbara,05,Antioquia
99,05686,0,2,1,0,2,1,0,1,1,0,1,0,2,1,3,2,1,0,0,0,1,05686,santa rosa de osos,05,Antioquia
100,05690,1,0,0,1,0,0,1,0,1,0,1,0,0,0,0,1,0,0,0,1,0,05690,santo domingo,05,Antioquia
101,05697,3,1,3,0,1,2,0,1,1,2,0,4,1,2,2,0,2,2,2,0,3,05697,el santuario,05,Antioquia
102,05736,0,0,2,1,1,2,0,1,2,1,3,1,2,2,1,1,1,1,4,1,2,05736,segovia,05,Antioquia
103,05756,1,3,4,3,1,2,2,5,2,1,3,3,4,2,3,1,1,2,2,4,4,05756,sonsón,05,Antioquia
104,05761,0,0,0,0,0,1,0,0,1,0,1,0,0,0,1,0,0,2,2,0,0,05761,sopetrán,05,Antioquia
105,05789,1,1,0,1,1,0,0,1,1,0,1,1,1,1,0,0,1,0,1,1,0,05789,támesis,05,Antioquia
106,05790,0,1,0,1,0,0,0,2,0,0,0,0,0,0,0,2,0,1,1,0,1,05790,tarazá,05,Antioquia
107,05792,0,0,0,0,0,0,0,0,0,0,1,0,0,0,0,0,0,0,1,0,0,05792,tarso,05,Antioquia
108,05809,1,0,2,0,1,0,0,0,1,0,1,0,0,1,1,2,1,0,2,0,0,05809,titiribí,05,Antioquia
109,05819,0,0,0,0,0,0,0,1,0,0,0,2,0,0,0,0,0,0,0,0,0,05819,toledo,05,Antioquia
110,05837,1,1,1,2,2,1,3,1,2,3,2,5,3,4,3,8,2,3,2,10,9,05837,turbo,05,Antioquia
111,05842,0,0,0,0,0,0,0,0,0,0,0,0,0,0,0,0,0,0,1,0,0,05842,uramita,05,Antioquia
112,05847,1,2,0,2,1,2,2,0,1,2,0,2,1,2,0,1,0,0,3,1,0,05847,urrao,05,Antioquia
113,05854,0,0,1,0,1,0,0,0,0,0,0,0,0,0,2,0,0,1,0,1,0,05854,valdivia,05,Antioquia
114,05856,0,1,0,0,0,0,1,0,0,0,0,0,0,0,0,2,0,0,0,0,0,05856,valparaíso,05,Antioquia
115,05858,0,0,2,0,1,1,0,0,0,0,0,0,1,0,2,0,0,0,1,0,0,05858,vegachí,05,Antioquia
116,05861,0,0,0,0,0,0,0,0,0,1,0,1,0,0,1,0,0,0,4,0,1,05861,venecia,05,Antioquia
117,05885,0,0,0,0,0,0,0,1,0,0,0,1,0,0,0,0,1,0,0,2,0,05885,yalí,05,Antioquia
118,05887,0,3,1,2,2,4,1,2,1,1,0,1,0,3,0,3,2,1,3,3,1,05887,yarumal,05,Antioquia
119,05890,1,1,1,0,1,0,0,0,0,0,2,0,0,1,0,1,0,0,0,0,0,05890,yolombó,05,Antioquia
120,05893,0,0,0,0,0,0,0,0,0,1,0,1,0,0,0,1,1,0,0,0,0,05893,yondó,05,Antioquia
121,05895,1,0,1,0,0,1,0,1,0,0,1,0,1,1,0,1,1,1,0,0,0,05895,zaragoza,05,Antioquia
122,08001,61,66,66,74,88,88,67,93,86,92,101,106,116,93,123,132,137,135,138,150,161,08001,barranquilla,08,Atlántico
123,08078,2,2,0,1,1,1,2,1,3,4,4,3,2,2,3,1,8,7,4,7,10,08078,baranoa,08,Atlántico
124,08137,2,2,0,4,0,1,0,0,0,1,0,0,0,0,1,0,1,0,1,2,2,08137,campo de la cruz,08,Atlántico
125,08141,1,0,1,1,2,0,0,1,0,0,1,0,1,0,0,2,2,2,1,1,2,08141,candelaria,08,Atlántico
126,08296,1,0,0,0,0,0,1,0,1,1,3,2,0,1,0,2,2,1,4,2,1,08296,galapa,08,Atlántico
127,08372,0,0,0,1,0,0,0,0,1,1,0,0,1,0,0,2,1,1,0,0,1,08372,juan de acosta,08,Atlántico
128,08421,1,0,2,0,0,1,1,1,0,0,0,1,0,0,1,3,3,0,1,0,1,08421,luruaco,08,Atlántico
129,08433,5,0,5,4,3,6,1,4,4,0,6,3,4,1,2,8,6,4,7,6,9,08433,malambo,08,Atlántico
130,08436,0,0,0,1,0,1,0,0,0,0,0,1,1,0,0,0,1,0,1,3,0,08436,manatí,08,Atlántico
131,08520,0,1,0,0,0,0,0,2,1,0,1,2,0,0,2,4,0,0,4,0,3,08520,palmar de varela,08,Atlántico
132,08549,0,1,0,0,0,0,0,0,0,0,0,0,0,0,1,0,0,2,0,0,0,08549,piojó,08,Atlántico
133,08558,0,1,0,0,0,1,0,0,0,0,3,0,0,0,1,1,0,0,0,1,0,08558,polonuevo,08,Atlántico
134,08560,0,0,0,0,0,0,0,1,0,2,0,1,2,0,0,2,0,2,2,0,1,08560,ponedera,08,Atlántico
135,08573,0,1,1,0,1,0,1,1,3,2,1,1,2,1,0,1,3,2,1,0,4,08573,puerto colombia,08,Atlántico
136,08606,1,1,0,1,2,0,0,0,0,0,1,1,0,0,1,1,0,2,2,2,2,08606,repelón,08,Atlántico
137,08634,0,0,1,1,1,1,1,2,2,0,2,0,2,0,2,1,0,3,1,1,0,08634,sabanagrande,08,Atlántico
138,08638,0,4,2,2,3,5,1,2,0,2,3,6,2,2,5,5,6,3,6,3,5,08638,sabanalarga,08,Atlántico
139,08675,1,0,5,0,0,0,0,3,1,2,0,0,0,0,1,0,0,2,0,0,0,08675,santa lucía,08,Atlántico
140,08685,0,0,3,0,2,3,2,1,1,0,0,2,4,2,0,1,1,1,4,1,4,08685,santo tomás,08,Atlántico
141,08758,5,5,12,10,11,9,17,17,12,23,19,14,16,16,21,21,29,37,41,42,46,08758,soledad,08,Atlántico
142,08770,0,0,0,0,1,1,0,0,1,0,0,0,1,0,0,0,0,0,0,0,1,08770,suan,08,Atlántico
143,08832,1,0,0,0,0,1,0,0,0,0,0,2,0,0,0,0,1,0,0,0,4,08832,tubará,08,Atlántico
144,08849,1,0,1,0,0,0,1,1,0,0,0,0,0,0,0,1,0,0,0,1,0,08849,usiacurí,08,Atlántico
145,11001,269,282,265,324,366,363,387,358,345,442,390,428,439,443,475,450,466,493,543,534,537,11001,bogotá,11,Bogotá
146,13001,40,37,35,45,38,60,48,41,46,54,62,49,64,59,74,55,62,64,85,96,90,13001,cartagena de indias,13,Bolivar
147,13006,0,0,0,0,0,0,0,1,0,0,0,0,1,1,1,0,0,0,0,1,0,13006,achí,13,Bolivar
148,13030,0,0,0,0,0,0,0,0,0,0,0,0,1,1,0,0,1,0,0,0,0,13030,altos del rosario,13,Bolivar
149,13042,0,2,0,0,0,0,0,0,0,0,0,0,0,1,0,1,0,0,1,1,0,13042,arenal,13,Bolivar
150,13052,1,3,0,0,3,1,1,1,5,2,2,2,4,2,2,3,2,4,2,2,7,13052,arjona,13,Bolivar
151,13062,1,0,0,0,0,0,0,0,1,0,0,0,1,0,0,0,0,0,0,0,0,13062,arroyohondo,13,Bolivar
152,13074,0,0,0,0,0,0,0,0,0,0,0,1,0,0,0,2,0,1,0,0,0,13074,barranco de loba,13,Bolivar
153,13140,1,1,0,0,0,0,1,0,0,0,0,0,0,0,0,1,1,1,1,0,0,13140,calamar,13,Bolivar
154,13160,0,0,0,0,0,0,0,1,0,0,0,0,0,0,0,0,0,1,0,0,1,13160,cantagallo,13,Bolivar
155,13188,0,0,1,0,0,0,0,0,0,0,0,0,0,0,0,0,1,0,0,1,0,13188,cicuco,13,Bolivar
156,13212,0,1,0,2,0,0,0,1,1,0,0,0,0,0,0,0,0,0,0,1,0,13212,córdoba,13,Bolivar
157,13222,0,0,0,0,1,1,0,0,0,0,0,0,0,0,1,0,1,1,0,1,1,13222,clemencia,13,Bolivar
158,13244,0,1,0,1,1,0,0,0,1,0,0,0,0,0,0,4,3,2,2,6,2,13244,el carmen de bolívar,13,Bolivar
159,13248,0,0,0,1,0,0,0,0,0,0,0,0,0,0,0,0,0,0,1,0,1,13248,el guamo,13,Bolivar
160,13268,0,0,0,0,0,0,0,1,0,0,0,0,1,0,1,0,0,0,0,0,0,13268,el peñón,13,Bolivar
161,13300,0,0,0,0,0,0,0,0,0,0,0,0,0,0,0,0,0,0,0,0,1,13300,hatillo de loba,13,Bolivar
162,13430,4,4,5,6,4,1,8,6,3,0,6,3,6,7,4,4,3,9,5,1,3,13430,magangué,13,Bolivar
163,13433,0,0,0,1,0,1,1,3,1,0,0,2,0,0,1,0,1,1,0,2,1,13433,mahates,13,Bolivar
164,13440,0,0,1,0,0,0,2,1,0,0,1,0,0,0,1,0,1,0,0,1,0,13440,margarita,13,Bolivar
165,13442,0,1,0,0,0,1,0,0,1,0,2,3,2,0,3,1,2,1,4,4,2,13442,maría la baja,13,Bolivar
166,13468,0,0,0,2,2,0,1,3,2,1,0,1,1,2,0,1,1,1,3,1,1,13468,santa cruz de mompox,13,Bolivar
167,13473,0,1,0,0,1,0,0,0,0,0,0,0,1,0,0,0,0,0,0,0,0,13473,morales,13,Bolivar
168,13549,0,0,0,0,0,0,0,1,0,0,0,1,1,0,0,0,0,0,0,1,0,13549,pinillos,13,Bolivar
169,13580,0,0,0,0,1,0,0,0,0,0,0,0,0,0,0,0,0,0,0,0,0,13580,regidor,13,Bolivar
170,13600,0,0,0,0,0,1,0,0,0,1,0,1,0,0,0,0,0,0,0,0,0,13600,río viejo,13,Bolivar
171,13620,1,0,0,0,0,0,0,0,0,0,1,0,0,0,0,0,0,1,1,0,0,13620,san cristóbal,13,Bolivar
172,13647,1,0,0,0,0,0,0,0,0,0,0,0,1,0,0,2,0,0,2,1,1,13647,san estanislao,13,Bolivar
173,13650,0,0,0,0,0,0,0,0,0,1,0,0,0,0,0,1,0,1,0,0,0,13650,san fernando,13,Bolivar
174,13654,0,1,0,0,1,1,2,0,2,0,1,0,1,2,0,1,0,1,3,3,0,13654,san jacinto,13,Bolivar
175,13657,1,0,2,2,0,0,0,0,2,3,0,1,2,0,0,1,1,0,1,3,0,13657,san juan nepomuceno,13,Bolivar
176,13667,0,0,0,0,0,0,0,1,0,0,0,0,0,0,0,1,1,0,0,0,0,13667,san martín de loba,13,Bolivar
177,13670,0,0,0,1,0,0,0,0,1,0,2,0,0,0,0,1,1,2,2,1,0,13670,san pablo,13,Bolivar
178,13673,0,0,0,0,0,0,0,0,1,0,0,0,0,1,0,0,1,1,1,0,0,13673,santa catalina,13,Bolivar
179,13683,0,0,1,0,1,0,0,0,1,0,0,0,1,1,0,0,1,0,1,1,2,13683,santa rosa,13,Bolivar
180,13688,0,0,0,0,0,0,0,0,0,1,2,1,0,1,0,2,0,1,1,0,0,13688,santa rosa del sur,13,Bolivar
181,13744,0,0,0,0,0,0,1,1,0,0,0,0,0,1,0,0,1,2,0,0,2,13744,simití,13,Bolivar
182,13760,0,0,0,0,0,0,0,0,1,0,0,1,0,0,1,0,0,0,0,1,0,13760,soplaviento,13,Bolivar
183,13780,0,0,0,0,0,0,0,1,0,0,0,0,0,0,0,0,0,0,1,0,1,13780,talaigua nuevo,13,Bolivar
184,13810,0,0,0,0,0,0,0,0,0,0,0,0,0,0,0,0,1,0,2,0,0,13810,tiquisio,13,Bolivar
185,13836,0,2,2,1,3,2,2,4,2,4,2,1,1,1,8,3,5,6,2,6,3,13836,turbaco,13,Bolivar
186,13838,0,0,0,1,0,1,0,1,0,0,1,0,1,0,1,0,0,0,1,0,2,13838,turbaná,13,Bolivar
187,13873,0,0,0,0,1,0,0,1,0,0,0,0,0,2,1,0,0,0,2,1,0,13873,villanueva,13,Bolivar
188,13894,0,0,0,0,0,0,0,0,0,0,0,1,0,3,0,1,1,1,0,1,2,13894,zambrano,13,Bolivar
189,15001,3,2,10,5,5,4,2,6,8,8,5,6,11,8,9,7,9,14,13,14,16,15001,tunja,15,Boyaca
190,15047,0,1,0,0,0,0,0,1,0,0,0,0,0,2,0,0,1,0,0,3,0,15047,aquitania,15,Boyaca
191,15051,0,0,0,0,0,0,0,1,0,0,0,0,0,0,0,0,0,0,1,1,0,15051,arcabuco,15,Boyaca
192,15087,0,1,0,0,0,0,1,0,0,0,0,0,0,0,0,0,0,0,0,0,1,15087,belén,15,Boyaca
193,15090,0,0,0,0,0,0,0,0,0,0,0,0,0,0,0,1,0,0,0,0,0,15090,berbeo,15,Boyaca
194,15092,0,0,0,0,0,0,0,0,0,0,0,0,0,0,0,1,0,0,0,0,0,15092,betéitiva,15,Boyaca
195,15097,1,0,0,1,0,1,1,0,0,1,1,0,0,0,0,0,0,1,0,0,0,15097,boavita,15,Boyaca
196,15104,0,0,0,0,0,0,1,0,0,0,0,0,0,0,0,0,0,0,0,0,0,15104,boyacá,15,Boyaca
197,15106,0,0,0,0,1,0,0,0,0,0,0,0,1,0,0,0,0,0,0,0,0,15106,briceño,15,Boyaca
198,15109,0,0,0,0,2,0,0,0,0,0,0,0,0,0,0,0,0,0,0,0,0,15109,buenavista,15,Boyaca
199,15114,0,0,0,0,0,0,0,0,0,0,0,0,0,0,0,0,0,0,1,0,0,15114,busbanzá,15,Boyaca
200,15135,0,0,0,0,0,0,0,0,0,1,0,0,0,0,0,0,0,0,0,0,0,15135,campohermoso,15,Boyaca
201,15162,1,0,0,0,0,0,0,0,0,2,0,0,0,1,1,1,0,0,1,0,0,15162,cerinza,15,Boyaca
202,15172,0,0,1,0,1,0,0,1,0,1,0,0,0,0,0,1,0,0,0,0,0,15172,chinavita,15,Boyaca
203,15176,1,0,1,2,1,0,3,3,1,2,1,6,1,8,7,4,6,3,1,0,3,15176,chiquinquirá,15,Boyaca
204,15180,0,0,0,0,0,0,0,0,0,0,0,0,1,0,0,0,0,0,0,1,0,15180,chiscas,15,Boyaca
205,15183,1,0,0,0,0,0,1,1,0,0,1,0,0,0,0,0,0,0,0,1,0,15183,chita,15,Boyaca
206,15185,0,0,0,1,0,0,0,0,0,0,0,1,0,0,0,0,0,0,1,0,0,15185,chitaraque,15,Boyaca
207,15187,0,0,0,0,0,0,0,0,0,0,0,1,0,0,0,0,0,0,0,0,0,15187,chivatá,15,Boyaca
208,15189,0,0,0,0,0,0,0,0,0,0,0,1,0,0,0,0,0,0,1,0,0,15189,ciénega,15,Boyaca
209,15204,0,1,0,0,1,1,0,1,1,0,0,0,1,0,1,0,0,1,0,0,1,15204,cómbita,15,Boyaca
210,15212,0,0,0,0,0,0,0,1,0,0,0,0,0,0,0,0,1,0,0,0,0,15212,coper,15,Boyaca
211,15218,0,0,0,0,0,0,0,0,0,0,0,0,0,0,0,0,0,0,1,0,0,15218,covarachía,15,Boyaca
212,15224,0,0,1,1,0,0,0,0,0,0,0,0,0,0,0,1,0,0,0,0,0,15224,cucaita,15,Boyaca
213,15226,0,0,0,0,0,0,0,1,0,0,0,0,0,0,0,0,0,0,0,0,0,15226,cuítiva,15,Boyaca
214,15232,0,0,0,0,0,0,0,0,0,0,0,0,0,0,0,1,0,1,0,0,0,15232,chíquiza,15,Boyaca
215,15236,0,0,0,0,0,0,0,0,0,0,0,0,0,0,0,0,0,1,0,0,0,15236,chivor,15,Boyaca
216,15238,2,3,2,4,3,1,5,3,4,4,6,4,10,6,12,2,4,12,11,7,9,15238,duitama,15,Boyaca
217,15244,0,1,0,0,0,1,0,0,0,0,0,0,2,0,0,0,1,1,0,0,0,15244,el cocuy,15,Boyaca
218,15248,0,0,1,0,0,0,0,0,0,0,0,0,0,1,0,0,0,1,1,0,0,15248,el espino,15,Boyaca
219,15272,0,0,0,0,1,0,1,0,0,1,0,0,0,0,0,0,0,0,1,0,0,15272,firavitoba,15,Boyaca
220,15276,0,0,0,0,0,0,0,1,0,0,0,0,0,0,1,0,0,0,0,0,1,15276,floresta,15,Boyaca
221,15293,0,0,0,0,1,0,0,0,0,1,0,0,0,0,1,0,0,0,0,0,0,15293,gachantivá,15,Boyaca
222,15296,0,0,0,0,1,0,0,0,1,0,0,0,0,1,1,0,1,0,0,0,0,15296,gámeza,15,Boyaca
223,15299,0,2,1,1,2,2,0,0,1,1,1,0,0,0,0,2,0,0,0,0,1,15299,garagoa,15,Boyaca
224,15317,0,0,0,0,0,0,0,0,0,0,0,0,1,0,0,0,0,0,1,0,0,15317,guacamayas,15,Boyaca
225,15322,1,1,0,0,0,0,0,1,0,0,0,0,1,1,0,0,0,0,4,1,0,15322,guateque,15,Boyaca
226,15325,0,0,0,1,0,0,0,0,0,0,0,0,1,0,0,0,0,0,0,0,0,15325,guayatá,15,Boyaca
227,15332,0,1,0,0,0,0,0,0,0,0,0,0,0,0,0,0,0,0,0,0,0,15332,güicán de la sierra,15,Boyaca
228,15362,0,0,0,0,0,0,0,0,0,0,0,0,0,0,0,1,0,0,0,0,0,15362,iza,15,Boyaca
229,15367,2,0,1,0,0,0,0,1,0,0,0,0,1,0,0,1,1,1,0,0,0,15367,jenesano,15,Boyaca
230,15368,1,0,0,1,1,0,1,0,0,1,0,0,0,1,0,0,0,0,0,0,1,15368,jericó,15,Boyaca
231,15380,0,0,0,0,0,0,1,1,0,1,0,0,0,0,0,0,0,1,0,0,0,15380,la capilla,15,Boyaca
232,15403,0,0,1,0,0,0,0,0,0,1,0,0,1,0,0,0,0,0,0,0,0,15403,la uvita,15,Boyaca
233,15407,0,0,0,1,1,0,0,0,2,0,1,2,0,0,2,1,0,0,0,1,1,15407,villa de leyva,15,Boyaca
234,15425,0,0,0,0,0,0,0,0,0,0,0,0,0,0,0,0,0,0,0,1,0,15425,macanal,15,Boyaca
235,15442,0,0,0,0,0,0,0,0,1,0,0,1,1,0,0,0,0,0,0,0,0,15442,maripí,15,Boyaca
236,15455,0,0,0,1,0,1,0,1,0,0,0,0,1,0,2,1,0,0,1,0,0,15455,miraflores,15,Boyaca
237,15464,0,1,0,1,0,0,0,0,0,0,0,0,0,0,1,1,1,0,0,0,2,15464,mongua,15,Boyaca
238,15466,0,0,0,0,0,1,0,0,0,0,0,0,0,2,0,0,1,0,0,0,0,15466,monguí,15,Boyaca
239,15469,0,0,1,0,0,0,0,0,2,3,0,0,1,1,0,0,0,2,2,2,2,15469,moniquirá,15,Boyaca
240,15480,0,0,1,1,0,0,0,0,0,0,1,0,1,0,0,0,1,0,0,0,0,15480,muzo,15,Boyaca
241,15491,0,1,1,0,0,0,1,0,0,0,0,0,1,0,0,1,3,1,1,1,1,15491,nobsa,15,Boyaca
242,15494,0,0,0,0,1,0,0,0,0,0,0,0,0,0,0,0,0,0,0,0,0,15494,nuevo colón,15,Boyaca
243,15500,0,0,0,0,0,0,0,0,0,0,0,0,0,0,0,1,0,0,0,0,1,15500,oicatá,15,Boyaca
244,15507,0,1,0,0,0,0,0,0,0,0,0,1,0,0,0,0,0,0,0,0,0,15507,otanche,15,Boyaca
245,15511,0,0,0,1,0,0,0,0,0,0,0,0,0,0,0,0,0,0,0,1,0,15511,pachavita,15,Boyaca
246,15514,0,0,0,0,0,0,0,0,0,0,0,1,0,0,0,0,0,0,0,0,0,15514,páez,15,Boyaca
247,15516,0,0,0,0,2,2,2,0,3,1,2,1,1,4,2,2,1,2,2,3,2,15516,paipa,15,Boyaca
248,15518,0,0,0,1,0,0,0,0,0,0,1,2,0,0,0,0,1,0,0,0,0,15518,pajarito,15,Boyaca
249,15522,0,0,0,0,0,0,0,0,0,1,0,0,0,0,0,0,0,0,0,0,0,15522,panqueba,15,Boyaca
250,15531,1,0,0,0,0,0,0,0,0,0,0,0,0,0,0,0,0,0,0,0,1,15531,pauna,15,Boyaca
251,15537,0,0,0,0,0,0,0,0,1,0,0,0,0,0,1,1,0,0,1,0,2,15537,paz de río,15,Boyaca
252,15542,0,0,0,0,0,1,0,0,0,0,0,0,1,0,1,1,0,0,1,0,0,15542,pesca,15,Boyaca
253,15550,0,0,0,0,0,0,0,0,0,0,0,0,0,0,0,0,0,1,0,0,0,15550,pisba,15,Boyaca
254,15572,0,1,2,1,1,2,3,1,2,1,2,2,5,2,0,2,3,3,3,2,3,15572,puerto boyacá,15,Boyaca
255,15580,1,0,0,0,1,0,0,0,1,0,0,0,0,0,1,0,0,0,0,0,1,15580,quípama,15,Boyaca
256,15599,0,0,1,0,0,0,2,0,1,0,1,1,0,0,0,0,1,0,0,0,2,15599,ramiriquí,15,Boyaca
257,15600,0,0,0,0,0,0,0,0,0,0,0,0,0,0,0,0,0,1,0,0,1,15600,ráquira,15,Boyaca
258,15621,0,0,0,0,0,0,0,0,0,0,0,0,1,0,0,0,0,0,0,0,0,15621,rondón,15,Boyaca
259,15632,0,0,0,0,0,1,1,0,0,2,0,1,1,0,1,0,0,0,0,0,1,15632,saboyá,15,Boyaca
260,15638,0,0,1,0,0,1,0,0,0,0,0,0,0,0,0,0,0,1,0,0,0,15638,sáchica,15,Boyaca
261,15646,0,0,0,0,0,0,0,1,1,0,0,0,1,0,0,0,0,0,2,0,1,15646,samacá,15,Boyaca
262,15660,0,0,0,0,0,0,0,0,0,0,0,0,0,1,0,0,1,0,0,0,0,15660,san eduardo,15,Boyaca
263,15664,0,0,0,0,0,0,0,0,0,1,0,0,1,0,0,0,0,0,0,0,0,15664,san josé de pare,15,Boyaca
264,15667,0,0,0,0,0,0,0,0,0,0,0,0,0,0,0,0,0,2,1,0,0,15667,san luis de gaceno,15,Boyaca
265,15673,0,0,0,0,0,0,0,0,0,0,0,0,1,0,0,0,0,0,1,0,0,15673,san mateo,15,Boyaca
266,15676,0,0,0,0,0,0,0,0,0,0,0,0,0,0,0,1,0,0,1,0,0,15676,san miguel de sema,15,Boyaca
267,15681,0,0,0,0,0,0,0,0,0,0,0,0,2,1,0,0,0,0,0,0,0,15681,san pablo de borbur,15,Boyaca
268,15686,0,0,0,0,0,0,0,1,0,0,0,0,0,2,0,0,0,0,0,0,0,15686,santana,15,Boyaca
269,15690,0,0,0,0,0,1,0,0,0,1,0,0,1,0,0,0,0,0,0,0,1,15690,santa maría,15,Boyaca
270,15693,0,2,0,0,0,1,2,0,0,2,0,0,2,1,1,0,0,1,0,0,0,15693,santa rosa de viterbo,15,Boyaca
271,15696,0,0,0,0,1,0,0,0,1,0,0,0,0,0,0,0,0,1,0,0,0,15696,santa sofía,15,Boyaca
272,15720,0,0,0,1,0,1,0,0,0,0,0,0,0,0,0,0,0,0,0,0,0,15720,sativanorte,15,Boyaca
273,15740,0,0,0,0,0,0,0,0,0,1,0,0,0,0,0,0,0,2,0,0,0,15740,siachoque,15,Boyaca
274,15753,1,1,0,0,0,0,0,0,0,0,1,1,2,1,1,0,1,0,0,0,1,15753,soatá,15,Boyaca
275,15755,0,0,0,0,0,0,0,0,0,0,0,0,0,0,0,0,1,2,1,0,0,15755,socotá,15,Boyaca
276,15757,1,1,0,0,0,0,0,1,0,0,1,0,0,0,0,0,0,0,1,1,1,15757,socha,15,Boyaca
277,15759,2,3,7,4,4,4,3,8,7,9,5,5,5,6,4,9,7,6,15,12,15,15759,sogamoso,15,Boyaca
278,15761,2,0,0,0,0,0,0,0,0,0,0,0,0,0,0,0,1,0,0,1,0,15761,somondoco,15,Boyaca
279,15762,0,0,0,0,0,0,0,0,0,0,0,0,0,0,1,0,0,0,0,0,0,15762,sora,15,Boyaca
280,15763,0,1,1,0,1,0,0,0,0,0,0,0,0,0,0,0,0,0,0,0,0,15763,sotaquirá,15,Boyaca
281,15764,0,0,0,0,0,0,0,0,0,0,0,0,1,0,0,0,0,0,0,0,0,15764,soracá,15,Boyaca
282,15774,0,0,0,0,1,0,0,0,0,0,0,0,1,0,0,0,1,0,0,0,0,15774,susacón,15,Boyaca
283,15776,0,0,0,1,1,0,0,0,0,1,0,0,0,0,1,0,0,1,0,0,1,15776,sutamarchán,15,Boyaca
284,15778,0,0,0,0,1,0,0,1,0,0,0,0,0,0,0,0,1,1,0,0,0,15778,sutatenza,15,Boyaca
285,15790,0,0,0,0,0,0,0,1,0,0,0,0,0,0,0,0,0,0,0,0,0,15790,tasco,15,Boyaca
286,15798,1,1,0,0,1,1,1,0,1,0,0,1,0,0,0,0,0,0,0,0,0,15798,tenza,15,Boyaca
287,15804,0,0,0,0,0,0,1,0,0,0,0,0,0,0,1,0,0,1,2,0,1,15804,tibaná,15,Boyaca
288,15806,0,0,0,1,0,0,0,0,1,0,1,0,0,0,0,0,1,0,1,1,1,15806,tibasosa,15,Boyaca
289,15808,0,0,0,1,0,0,0,0,0,0,0,0,0,0,1,0,0,0,0,0,1,15808,tinjacá,15,Boyaca
290,15810,0,0,0,0,0,0,0,0,0,1,0,0,0,2,0,0,0,0,0,0,0,15810,tipacoque,15,Boyaca
291,15814,0,1,0,1,0,0,0,1,0,0,1,0,0,0,0,0,0,0,1,0,0,15814,toca,15,Boyaca
292,15820,0,0,0,0,0,0,0,0,0,0,0,0,0,0,0,0,0,0,1,1,0,15820,tópaga,15,Boyaca
293,15822,0,0,1,0,0,0,0,0,0,0,0,0,0,0,0,0,0,0,1,0,0,15822,tota,15,Boyaca
294,15832,0,0,0,0,1,0,0,0,0,0,0,1,0,0,0,0,1,0,0,0,0,15832,tununguá,15,Boyaca
295,15835,0,0,0,0,1,0,0,1,0,0,1,0,0,0,0,0,0,0,0,0,0,15835,turmequé,15,Boyaca
296,15837,0,0,0,1,0,1,0,0,0,1,0,0,0,1,0,0,0,0,1,0,0,15837,tuta,15,Boyaca
297,15839,0,0,0,0,0,0,0,0,0,0,0,0,0,0,0,1,0,0,0,0,0,15839,tutazá,15,Boyaca
298,15842,0,0,1,0,0,0,0,0,0,1,0,1,0,0,0,0,0,0,0,0,0,15842,úmbita,15,Boyaca
299,15861,0,0,1,1,0,0,0,1,0,0,0,1,3,0,0,0,0,0,1,1,0,15861,ventaquemada,15,Boyaca
300,15897,0,0,0,0,0,0,1,0,0,0,0,0,0,0,0,0,0,1,0,0,0,15897,zetaquira,15,Boyaca
301,17001,23,16,19,27,18,20,21,18,21,29,30,28,27,34,34,32,26,35,49,38,46,17001,manizales,17,Caldas
302,17013,1,1,0,0,1,2,1,1,1,1,2,1,4,3,1,1,2,3,1,1,1,17013,aguadas,17,Caldas
303,17042,2,4,0,2,3,2,2,0,0,1,1,3,2,5,3,3,8,4,3,1,1,17042,anserma,17,Caldas
304,17050,1,0,0,0,1,2,1,2,0,0,0,1,0,1,1,2,0,1,1,0,1,17050,aranzazu,17,Caldas
305,17088,0,0,0,1,0,2,2,1,0,0,2,0,1,0,1,1,0,0,0,0,1,17088,belalcázar,17,Caldas
306,17174,1,4,4,4,3,3,2,2,4,4,5,4,4,2,6,2,1,7,8,5,9,17174,chinchiná,17,Caldas
307,17272,1,0,0,2,0,0,0,0,0,1,0,2,0,0,0,0,1,1,1,0,0,17272,filadelfia,17,Caldas
308,17380,2,2,3,2,5,3,4,6,9,4,4,4,4,6,7,5,4,4,8,7,5,17380,la dorada,17,Caldas
309,17388,0,0,0,0,0,2,0,1,0,0,1,1,0,0,0,0,0,1,0,0,1,17388,la merced,17,Caldas
310,17433,0,1,1,0,0,0,4,4,0,0,3,2,1,1,1,0,0,1,1,1,0,17433,manzanares,17,Caldas
311,17442,0,1,1,0,1,0,0,0,0,0,0,1,0,0,0,1,1,1,0,0,0,17442,marmato,17,Caldas
312,17444,0,0,0,0,2,0,0,0,0,0,1,1,2,0,2,1,0,2,0,0,1,17444,marquetalia,17,Caldas
313,17486,1,2,0,0,1,1,0,1,0,0,2,1,2,3,0,3,0,2,2,2,2,17486,neira,17,Caldas
314,17513,1,3,2,1,0,0,2,2,1,2,1,0,0,1,1,0,1,0,5,0,0,17513,pácora,17,Caldas
315,17524,2,0,1,1,3,0,2,1,0,0,0,3,3,0,1,1,1,0,0,2,2,17524,palestina,17,Caldas
316,17541,0,2,3,1,0,1,0,1,0,0,2,1,1,4,1,1,1,1,1,1,0,17541,pensilvania,17,Caldas
317,17614,0,2,4,3,0,3,3,3,3,1,2,2,2,4,6,2,2,6,4,5,4,17614,riosucio,17,Caldas
318,17616,0,0,0,0,0,2,0,2,0,0,3,0,1,1,2,0,2,2,0,1,1,17616,risaralda,17,Caldas
319,17653,1,1,0,1,3,2,1,0,2,3,2,3,0,1,0,0,1,1,5,2,5,17653,salamina,17,Caldas
320,17662,1,1,1,0,3,1,1,1,2,2,1,0,2,2,0,1,3,0,0,0,1,17662,samaná,17,Caldas
321,17665,0,1,0,1,0,0,0,1,0,0,0,0,0,1,0,0,0,1,1,1,0,17665,san josé,17,Caldas
322,17777,0,2,1,0,2,3,2,1,2,2,2,3,1,2,1,2,0,2,4,5,5,17777,supía,17,Caldas
323,17867,0,0,0,2,0,0,1,0,0,0,0,0,0,0,0,0,0,2,2,0,0,17867,victoria,17,Caldas
324,17873,0,1,1,3,1,2,0,3,3,2,5,7,2,4,2,2,1,1,7,5,6,17873,villamaría,17,Caldas
325,17877,0,0,1,0,1,1,0,1,1,1,0,2,0,0,2,1,0,1,1,2,1,17877,viterbo,17,Caldas
326,18001,5,2,3,5,1,7,2,3,7,6,6,4,10,11,8,9,13,7,8,15,10,18001,florencia,18,Caqueta
327,18029,0,0,1,0,0,0,0,0,0,0,0,1,0,0,0,1,0,0,0,0,0,18029,albania,18,Caqueta
328,18094,0,0,1,0,0,0,0,0,0,0,1,0,0,0,0,0,0,0,0,1,0,18094,belén de los andaquíes,18,Caqueta
329,18150,0,0,1,0,1,1,0,0,0,0,0,1,1,0,0,0,0,2,1,0,1,18150,cartagena del chairá,18,Caqueta
330,18205,0,1,0,1,0,0,0,0,0,0,0,0,0,1,1,1,1,0,0,0,0,18205,curillo,18,Caqueta
331,18247,0,2,0,1,1,2,0,0,0,1,2,0,0,2,1,1,2,1,1,0,1,18247,el doncello,18,Caqueta
332,18256,0,0,0,1,1,1,0,1,1,1,0,0,0,2,1,0,0,2,1,0,0,18256,el paujíl,18,Caqueta
333,18410,0,0,0,1,0,0,0,0,0,0,0,1,0,1,0,0,1,1,0,0,1,18410,la montañita,18,Caqueta
334,18460,0,0,0,0,0,0,1,0,0,1,0,0,1,0,0,0,0,0,0,0,1,18460,milán,18,Caqueta
335,18479,0,0,0,0,0,0,0,0,0,0,0,0,0,0,0,0,0,1,0,0,0,18479,morelia,18,Caqueta
336,18592,0,2,0,0,1,0,1,0,0,0,0,0,0,2,0,2,0,0,0,3,3,18592,puerto rico,18,Caqueta
337,18610,0,0,0,0,2,1,0,0,1,1,0,0,1,0,0,0,0,1,1,0,0,18610,san josé del fragua,18,Caqueta
338,18753,0,0,1,2,1,0,0,1,0,0,0,2,1,2,0,1,1,4,0,2,1,18753,san vicente del caguán,18,Caqueta
339,18756,1,0,0,0,0,0,0,0,0,0,0,0,0,0,0,0,0,0,0,0,0,18756,solano,18,Caqueta
340,18785,0,0,0,0,0,0,0,0,0,0,1,0,0,0,0,0,0,0,0,0,0,18785,solita,18,Caqueta
341,18860,2,1,0,0,0,0,0,0,1,0,1,0,0,1,1,1,0,1,0,0,0,18860,valparaíso,18,Caqueta
342,19001,4,13,10,5,13,9,13,17,16,14,13,12,19,20,17,24,22,32,24,30,25,19001,popayán,19,Cauca
343,19022,0,0,0,0,0,0,0,0,0,2,1,1,0,0,0,0,0,0,0,2,0,19022,almaguer,19,Cauca
344,19050,0,1,0,0,0,0,0,0,0,0,0,0,0,1,0,0,2,0,1,0,0,19050,argelia,19,Cauca
345,19075,1,0,0,1,0,0,0,0,0,0,0,0,0,0,0,0,0,0,0,1,0,19075,balboa,19,Cauca
346,19100,0,0,2,0,0,0,0,0,0,0,1,0,1,0,1,1,1,0,0,1,1,19100,bolívar,19,Cauca
347,19110,0,0,0,0,0,0,1,0,0,3,0,0,2,1,2,0,1,1,2,1,1,19110,buenos aires,19,Cauca
348,19130,1,1,1,0,1,0,0,0,0,1,0,0,4,2,0,2,0,0,0,0,0,19130,cajibío,19,Cauca
349,19137,0,0,2,0,0,0,1,0,0,0,0,1,1,0,0,0,0,0,1,0,2,19137,caldono,19,Cauca
350,19142,1,0,1,3,0,1,0,2,0,0,3,0,1,0,2,2,2,2,1,1,0,19142,caloto,19,Cauca
351,19212,2,1,0,1,0,1,0,3,1,2,2,0,1,2,2,1,4,1,2,0,1,19212,corinto,19,Cauca
352,19256,1,2,0,1,0,0,0,0,1,0,1,0,0,0,4,0,0,3,3,3,0,19256,el tambo,19,Cauca
353,19290,0,0,0,0,0,0,0,0,0,0,1,0,0,0,0,1,1,0,0,0,0,19290,florencia,19,Cauca
354,19300,0,0,0,0,0,0,0,0,0,0,0,0,1,0,1,1,0,0,0,0,1,19300,guachené,19,Cauca
355,19318,0,0,0,0,0,0,0,0,0,0,0,0,0,1,0,1,0,1,2,0,1,19318,guapi,19,Cauca
356,19355,0,0,0,0,0,1,0,0,0,1,0,1,0,0,0,0,0,0,1,0,0,19355,inzá,19,Cauca
357,19364,0,0,0,0,0,0,0,0,0,0,0,0,0,0,0,0,1,0,0,0,0,19364,jambaló,19,Cauca
358,19392,0,0,0,0,0,0,0,0,1,0,1,0,1,0,0,0,0,0,1,0,2,19392,la sierra,19,Cauca
359,19397,0,0,0,0,0,1,1,3,0,0,0,1,1,0,0,0,0,0,0,0,0,19397,la vega,19,Cauca
360,19418,0,0,1,0,0,0,0,0,1,0,0,0,0,0,0,0,0,0,0,0,1,19418,lópez de micay,19,Cauca
361,19450,0,0,1,1,0,1,1,0,0,0,0,0,0,0,0,0,0,0,0,0,1,19450,mercaderes,19,Cauca
362,19455,2,1,0,0,2,1,0,0,1,2,1,3,3,0,1,1,1,2,4,0,1,19455,miranda,19,Cauca
363,19473,0,1,0,0,1,0,0,0,1,1,0,0,0,2,1,0,0,1,0,1,2,19473,morales,19,Cauca
364,19513,0,0,1,0,1,0,0,1,0,0,0,2,1,0,0,1,2,0,1,0,0,19513,padilla,19,Cauca
365,19517,0,0,0,1,2,0,0,1,1,1,1,0,0,1,0,0,0,0,0,0,0,19517,páez,19,Cauca
366,19532,1,0,0,1,1,0,0,1,2,1,0,0,1,0,3,0,1,1,2,1,2,19532,patía,19,Cauca
367,19548,0,0,1,1,1,0,1,0,1,1,1,0,1,0,2,2,1,1,1,1,1,19548,piendamó - tunía,19,Cauca
368,19573,3,2,0,1,2,3,4,1,1,3,3,8,2,3,2,4,3,3,6,1,6,19573,puerto tejada,19,Cauca
369,19585,0,0,0,0,0,1,0,0,0,0,0,0,0,2,0,0,0,1,0,3,0,19585,puracé,19,Cauca
370,19622,0,0,1,1,1,0,0,0,0,0,1,0,0,0,0,2,1,0,1,0,0,19622,rosas,19,Cauca
371,19693,0,1,0,0,0,0,0,0,0,1,0,0,0,0,0,0,0,0,0,0,0,19693,san sebastián,19,Cauca
372,19698,0,2,6,3,2,3,3,4,5,6,4,2,6,4,3,9,6,7,9,5,9,19698,santander de quilichao,19,Cauca
373,19701,0,0,0,0,0,0,0,0,0,1,0,0,0,0,0,0,0,0,0,0,0,19701,santa rosa,19,Cauca
374,19743,2,0,2,1,1,1,0,1,0,0,0,0,0,0,1,0,0,1,1,1,1,19743,silvia,19,Cauca
375,19760,0,0,0,1,0,0,0,0,0,1,1,0,2,0,1,0,1,0,0,1,0,19760,sotará paispamba,19,Cauca
376,19780,0,0,0,0,0,0,0,0,1,0,0,0,0,0,1,1,0,0,1,1,2,19780,suárez,19,Cauca
377,19807,2,0,1,2,1,0,0,1,0,0,3,0,3,2,2,4,2,2,2,2,0,19807,timbío,19,Cauca
378,19809,0,0,0,0,0,0,0,0,0,0,0,0,1,1,1,0,0,0,0,0,0,19809,timbiquí,19,Cauca
379,19821,0,0,0,0,0,0,0,0,0,0,0,1,0,0,0,0,1,0,0,0,0,19821,toribío,19,Cauca
380,19824,0,0,1,0,0,0,2,0,0,0,0,0,0,0,0,0,0,0,0,0,0,19824,totoró,19,Cauca
381,20001,5,8,5,7,13,6,7,11,16,13,20,15,21,19,25,27,35,21,24,33,25,20001,valledupar,20,Cesar
382,20011,2,0,0,1,1,2,0,1,0,1,3,2,1,3,4,4,2,5,3,2,9,20011,aguachica,20,Cesar
383,20013,0,1,4,2,1,1,0,2,2,3,1,1,1,1,2,2,6,0,2,3,4,20013,agustín codazzi,20,Cesar
384,20032,0,0,0,0,0,0,0,0,0,1,0,0,0,0,2,0,1,0,0,1,1,20032,astrea,20,Cesar
385,20045,0,0,0,0,0,0,0,2,0,0,1,0,1,0,0,1,1,2,0,0,2,20045,becerril,20,Cesar
386,20060,0,0,0,0,1,0,0,0,1,0,1,0,0,1,2,2,2,0,0,1,5,20060,bosconia,20,Cesar
387,20175,0,0,2,0,1,1,1,0,3,0,0,0,1,0,0,1,0,0,3,1,0,20175,chimichagua,20,Cesar
388,20178,0,1,0,1,0,1,1,0,0,0,0,0,3,2,0,1,1,1,1,4,1,20178,chiriguaná,20,Cesar
389,20228,0,0,1,0,0,1,0,0,2,1,1,1,1,0,2,1,0,1,0,2,1,20228,curumaní,20,Cesar
390,20238,0,3,0,0,0,0,1,0,1,0,0,2,0,0,0,0,1,1,0,2,0,20238,el copey,20,Cesar
391,20250,0,0,0,0,0,0,1,0,0,0,0,0,0,1,0,0,0,1,1,2,2,20250,el paso,20,Cesar
392,20295,1,0,1,0,0,1,0,0,2,0,0,1,0,0,1,1,0,1,1,1,1,20295,gamarra,20,Cesar
393,20310,0,0,0,0,0,0,0,0,0,1,1,0,0,0,0,0,0,0,0,1,0,20310,gonzález,20,Cesar
394,20383,0,0,0,1,0,0,0,0,1,0,0,0,0,0,1,1,0,1,1,0,2,20383,la gloria,20,Cesar
395,20400,0,0,0,0,0,0,2,2,0,0,1,0,0,0,0,1,1,1,1,3,1,20400,la jagua de ibirico,20,Cesar
396,20443,0,0,0,0,0,0,0,1,0,0,1,0,0,0,0,0,1,0,0,1,1,20443,manaure balcón del cesar,20,Cesar
397,20517,0,0,0,0,0,0,0,0,0,2,2,0,1,0,0,0,1,1,2,0,1,20517,pailitas,20,Cesar
398,20550,0,0,1,0,0,0,1,0,0,1,0,0,0,0,0,1,0,1,2,0,1,20550,pelaya,20,Cesar
399,20570,0,0,0,0,0,0,1,0,0,0,0,0,0,0,0,1,0,0,0,0,1,20570,pueblo bello,20,Cesar
400,20614,0,0,0,0,0,0,1,0,1,0,0,1,0,0,0,0,2,0,1,0,0,20614,río de oro,20,Cesar
401,20621,0,0,1,1,1,0,1,0,2,0,0,0,1,1,0,2,1,1,1,2,3,20621,la paz,20,Cesar
402,20710,0,0,0,1,1,0,0,0,1,0,1,1,1,0,0,1,1,0,0,0,0,20710,san alberto,20,Cesar
403,20750,1,0,2,0,0,0,0,0,0,0,0,1,1,0,0,1,1,1,2,0,1,20750,san diego,20,Cesar
404,20770,1,0,0,1,1,0,0,1,0,1,0,0,0,0,2,0,3,0,0,0,2,20770,san martín,20,Cesar
405,20787,0,0,0,0,0,0,1,0,0,1,0,0,0,1,1,2,0,5,0,0,0,20787,tamalameque,20,Cesar
406,23001,10,9,14,13,7,10,7,11,13,17,13,20,20,30,33,28,33,27,37,28,40,23001,montería,23,Cordoba
407,23068,0,0,0,0,1,1,1,0,1,0,0,0,0,1,0,1,1,1,0,4,0,23068,ayapel,23,Cordoba
408,23079,0,0,0,0,0,0,0,0,0,0,0,1,1,0,1,0,0,0,0,0,1,23079,buenavista,23,Cordoba
409,23090,0,0,0,0,0,0,0,0,0,0,0,0,1,0,0,0,0,0,2,0,0,23090,canalete,23,Cordoba
410,23162,0,0,2,3,4,2,2,2,1,4,1,3,5,1,3,1,1,2,4,7,4,23162,cereté,23,Cordoba
411,23168,1,0,0,0,0,1,0,0,0,0,0,0,0,1,0,0,0,0,0,0,0,23168,chimá,23,Cordoba
412,23182,0,1,1,1,1,1,0,0,1,0,1,2,1,2,3,2,0,0,0,0,3,23182,chinú,23,Cordoba
413,23189,1,0,1,4,0,0,1,1,3,1,1,3,3,1,3,3,4,1,4,0,3,23189,ciénaga de oro,23,Cordoba
414,23300,0,0,0,0,2,1,0,0,0,1,0,1,1,0,1,0,0,0,0,0,0,23300,cotorra,23,Cordoba
415,23350,0,0,0,0,1,0,0,0,1,0,0,1,3,0,1,0,0,0,0,0,1,23350,la apartada,23,Cordoba
416,23417,1,1,2,0,1,0,2,2,1,4,2,3,4,3,6,5,6,6,8,7,4,23417,lorica,23,Cordoba
417,23419,0,0,0,0,0,0,0,0,0,0,0,0,0,0,0,0,0,0,1,1,1,23419,los córdobas,23,Cordoba
418,23464,0,2,0,0,0,0,0,1,0,0,1,1,0,0,0,1,0,0,1,1,0,23464,momil,23,Cordoba
419,23466,0,0,1,0,0,1,0,0,1,0,0,0,3,0,2,3,2,1,2,5,3,23466,montelíbano,23,Cordoba
420,23500,0,2,0,0,0,1,0,0,0,0,0,0,0,0,0,0,0,0,0,2,1,23500,moñitos,23,Cordoba
421,23555,0,0,1,4,1,1,5,2,3,0,0,2,3,2,1,2,4,3,6,6,4,23555,planeta rica,23,Cordoba
422,23570,0,0,1,0,0,0,0,0,2,0,0,0,2,0,0,1,1,1,1,0,1,23570,pueblo nuevo,23,Cordoba
423,23574,0,0,0,0,0,0,0,0,0,0,0,0,0,0,0,0,1,0,0,1,0,23574,puerto escondido,23,Cordoba
424,23580,1,0,0,0,0,0,1,0,0,0,0,0,1,0,0,0,0,0,0,1,2,23580,puerto libertador,23,Cordoba
425,23586,0,0,0,0,0,0,1,0,1,0,1,0,0,0,0,0,2,0,0,0,0,23586,purísima de la concepción,23,Cordoba
426,23660,3,0,1,4,1,2,2,3,3,1,2,3,5,2,5,1,3,5,5,6,5,23660,sahagún,23,Cordoba
427,23670,0,0,0,0,0,2,0,0,1,0,1,0,1,1,2,0,0,0,2,1,1,23670,san andrés de sotavento,23,Cordoba
428,23672,0,0,2,0,0,0,0,0,0,1,2,1,1,1,0,1,0,0,0,1,1,23672,san antero,23,Cordoba
429,23675,1,1,0,0,0,0,0,0,0,1,0,1,0,1,1,2,0,0,1,0,1,23675,san bernardo del viento,23,Cordoba
430,23678,1,0,0,1,0,0,0,0,0,0,0,0,1,0,0,0,1,0,3,1,0,23678,san carlos,23,Cordoba
431,23686,0,0,1,0,1,1,0,0,2,1,2,0,0,0,2,1,0,2,1,1,1,23686,san pelayo,23,Cordoba
432,23807,0,0,1,0,1,1,1,1,1,3,1,0,0,0,5,0,4,3,1,3,3,23807,tierralta,23,Cordoba
433,23815,0,0,0,0,0,0,0,0,0,0,0,0,1,0,0,0,1,0,1,1,0,23815,tuchín,23,Cordoba
434,23855,0,0,0,0,0,0,1,1,2,0,1,1,1,0,3,1,2,1,0,0,0,23855,valencia,23,Cordoba
435,25001,1,0,0,1,0,1,3,1,0,3,0,0,0,1,1,2,1,0,2,0,1,25001,agua de dios,25,Cundinamarca
436,25019,0,0,0,0,1,0,0,0,1,0,0,0,0,0,0,0,1,0,0,0,0,25019,albán,25,Cundinamarca
437,25035,0,1,1,0,0,2,0,0,1,0,0,1,0,0,0,2,0,0,1,1,1,25035,anapoima,25,Cundinamarca
438,25040,0,0,1,0,1,1,1,0,0,0,0,1,0,1,2,1,0,0,1,0,0,25040,anolaima,25,Cundinamarca
439,25053,0,0,0,2,0,0,0,2,0,1,1,0,0,0,0,0,1,2,3,0,0,25053,arbeláez,25,Cundinamarca
440,25086,0,0,0,0,0,0,0,0,0,1,0,0,0,0,0,0,0,0,0,0,0,25086,beltrán,25,Cundinamarca
441,25095,0,0,0,0,0,0,0,0,0,0,0,1,0,0,0,0,1,0,0,0,0,25095,bituima,25,Cundinamarca
442,25099,0,0,0,0,0,0,0,0,0,0,0,0,0,0,0,0,1,0,0,0,0,25099,bojacá,25,Cundinamarca
443,25123,0,0,0,0,1,0,0,2,0,1,0,0,2,0,2,1,1,1,0,1,0,25123,cachipay,25,Cundinamarca
444,25126,1,3,0,2,2,2,2,3,1,3,2,0,4,3,2,3,1,5,8,6,4,25126,cajicá,25,Cundinamarca
445,25148,0,0,0,0,0,0,1,0,1,1,0,1,0,0,0,0,0,0,0,0,0,25148,caparrapí,25,Cundinamarca
446,25151,1,0,0,1,0,1,1,2,0,1,0,0,0,2,1,1,1,0,1,1,1,25151,cáqueza,25,Cundinamarca
447,25154,0,0,0,0,0,0,2,0,0,1,0,1,0,0,0,0,0,0,2,0,0,25154,carmen de carupa,25,Cundinamarca
448,25168,0,0,0,0,1,0,1,0,1,0,0,1,0,0,0,0,0,0,0,0,1,25168,chaguaní,25,Cundinamarca
449,25175,5,0,3,5,5,5,3,4,9,1,5,8,6,6,10,6,4,9,12,6,10,25175,chía,25,Cundinamarca
450,25178,0,0,0,2,0,0,0,1,0,2,0,1,0,0,0,1,0,2,1,1,0,25178,chipaque,25,Cundinamarca
451,25181,0,1,0,0,0,1,1,1,0,1,1,0,0,1,0,1,2,2,1,0,1,25181,choachí,25,Cundinamarca
452,25183,0,0,1,1,2,1,0,1,1,1,0,1,3,0,0,1,0,1,0,2,1,25183,chocontá,25,Cundinamarca
453,25200,0,1,0,2,1,0,0,0,1,1,0,0,1,1,0,0,1,1,0,0,2,25200,cogua,25,Cundinamarca
454,25214,1,0,0,0,0,2,1,0,0,1,0,2,0,3,0,1,2,0,0,1,1,25214,cota,25,Cundinamarca
455,25224,0,0,1,0,0,0,0,0,0,0,1,0,0,1,0,0,0,1,0,0,0,25224,cucunubá,25,Cundinamarca
456,25245,1,0,1,0,1,0,0,1,1,1,2,0,3,3,1,3,1,0,1,3,2,25245,el colegio,25,Cundinamarca
457,25258,0,0,0,0,0,0,0,0,0,2,0,0,1,0,0,0,0,0,0,0,0,25258,el peñón,25,Cundinamarca
458,25260,0,0,1,0,0,0,0,1,0,0,0,0,1,0,2,1,1,1,0,1,1,25260,el rosal,25,Cundinamarca
459,25269,0,0,2,4,1,3,3,5,5,8,7,7,6,5,8,5,8,6,8,10,5,25269,facatativá,25,Cundinamarca
460,25279,1,0,0,1,1,3,0,1,1,0,0,0,0,1,2,0,0,1,0,1,1,25279,fómeque,25,Cundinamarca
461,25281,0,0,0,0,0,0,0,1,0,0,0,0,0,0,1,1,0,1,0,0,0,25281,fosca,25,Cundinamarca
462,25286,1,2,4,2,1,1,4,5,3,1,3,1,3,1,4,1,3,0,2,10,6,25286,funza,25,Cundinamarca
463,25288,1,0,1,0,0,0,1,0,0,0,0,0,1,0,0,0,0,1,0,0,0,25288,fúquene,25,Cundinamarca
464,25290,5,0,0,6,6,5,11,6,4,2,3,10,10,11,7,15,8,11,15,11,13,25290,fusagasugá,25,Cundinamarca
465,25293,1,0,0,0,0,0,1,0,0,0,0,0,0,0,0,1,0,0,0,0,0,25293,gachalá,25,Cundinamarca
466,25295,1,1,0,0,0,0,2,0,0,2,0,0,0,1,1,0,0,0,0,2,1,25295,gachancipá,25,Cundinamarca
467,25297,0,0,0,0,0,0,0,0,0,0,0,0,1,0,1,0,0,0,0,0,0,25297,gachetá,25,Cundinamarca
468,25299,0,0,0,0,0,1,1,0,0,1,0,0,0,0,0,0,0,0,0,1,0,25299,gama,25,Cundinamarca
469,25307,7,8,6,4,8,6,4,5,5,8,9,13,8,7,11,11,9,16,11,11,14,25307,girardot,25,Cundinamarca
470,25312,0,0,0,1,0,0,0,0,0,0,0,0,1,1,0,0,0,0,0,0,0,25312,granada,25,Cundinamarca
471,25317,0,0,1,0,0,0,0,0,1,2,0,0,0,1,1,2,1,0,0,0,0,25317,guachetá,25,Cundinamarca
472,25320,2,0,1,1,0,0,1,2,0,0,1,0,2,3,0,1,3,1,0,1,0,25320,guaduas,25,Cundinamarca
473,25322,0,0,0,1,0,0,1,0,0,0,0,2,0,0,0,1,0,0,0,0,2,25322,guasca,25,Cundinamarca
474,25324,0,0,0,0,0,0,0,1,0,0,0,0,0,1,0,0,0,0,0,0,0,25324,guataquí,25,Cundinamarca
475,25326,1,0,1,0,1,0,0,0,0,0,0,1,1,0,0,1,0,0,1,0,1,25326,guatavita,25,Cundinamarca
476,25328,0,0,0,1,0,0,0,0,0,0,0,0,0,0,0,0,0,0,0,0,0,25328,guayabal de síquima,25,Cundinamarca
477,25335,0,0,0,2,0,0,0,0,1,0,0,0,0,0,0,0,0,0,1,1,0,25335,guayabetal,25,Cundinamarca
478,25339,0,0,0,0,0,1,0,0,0,0,0,0,0,0,0,0,0,0,0,0,0,25339,gutiérrez,25,Cundinamarca
479,25368,0,0,0,0,0,0,0,0,0,0,1,0,0,0,0,0,0,0,1,0,0,25368,jerusalén,25,Cundinamarca
480,25372,2,0,0,0,1,1,0,1,0,0,0,1,0,0,0,1,0,0,0,0,0,25372,junín,25,Cundinamarca
481,25377,1,0,0,0,0,2,2,0,2,2,1,0,2,2,1,1,1,0,2,2,3,25377,la calera,25,Cundinamarca
482,25386,1,0,1,1,1,1,2,1,0,0,3,1,2,0,0,1,1,3,3,3,2,25386,la mesa,25,Cundinamarca
483,25394,0,0,0,0,0,1,0,2,3,2,1,0,0,0,0,1,0,4,0,0,1,25394,la palma,25,Cundinamarca
484,25398,0,0,0,0,0,0,0,0,1,0,0,0,0,0,0,0,1,0,0,1,0,25398,la peña,25,Cundinamarca
485,25402,0,0,1,1,1,0,0,1,1,0,0,0,1,1,2,2,0,2,1,0,0,25402,la vega,25,Cundinamarca
486,25407,0,1,0,0,1,0,1,1,1,1,0,0,0,1,0,0,0,0,0,2,1,25407,lenguazaque,25,Cundinamarca
487,25426,0,0,0,0,0,0,0,0,0,0,0,0,0,1,1,2,0,0,2,0,0,25426,machetá,25,Cundinamarca
488,25430,2,2,2,4,2,1,0,1,2,2,3,3,3,5,1,4,3,4,8,6,7,25430,madrid,25,Cundinamarca
489,25436,0,0,0,0,0,2,0,0,0,0,1,0,0,0,0,0,0,0,0,0,0,25436,manta,25,Cundinamarca
490,25438,0,0,0,0,0,0,0,1,0,0,0,2,1,0,1,1,0,0,0,0,0,25438,medina,25,Cundinamarca
491,25473,1,0,1,1,1,0,0,0,1,2,0,7,2,4,1,2,1,5,7,2,5,25473,mosquera,25,Cundinamarca
492,25483,0,1,0,0,0,0,1,1,0,0,0,0,0,0,0,0,1,0,1,0,0,25483,nariño,25,Cundinamarca
493,25486,0,1,2,0,0,0,0,0,0,0,2,1,0,1,1,0,0,0,0,0,1,25486,nemocón,25,Cundinamarca
494,25488,0,0,0,1,0,0,0,0,0,0,0,1,0,0,0,0,0,0,0,0,0,25488,nilo,25,Cundinamarca
495,25489,1,0,0,0,0,1,0,1,0,1,0,1,0,0,0,0,0,1,0,1,0,25489,nimaima,25,Cundinamarca
496,25491,0,0,1,0,1,0,0,0,0,0,0,0,0,0,0,0,0,0,0,0,0,25491,nocaima,25,Cundinamarca
497,25506,0,0,0,0,0,0,0,1,1,0,0,0,0,0,0,0,0,0,0,0,1,25506,venecia,25,Cundinamarca
498,25513,1,1,1,2,2,0,0,0,3,5,3,3,2,2,0,2,5,3,3,4,3,25513,pacho,25,Cundinamarca
499,25518,0,1,0,1,0,0,0,0,0,1,0,0,0,0,0,0,0,0,0,0,0,25518,paime,25,Cundinamarca
500,25524,0,0,0,2,0,1,0,1,0,0,0,0,0,0,0,0,0,0,0,0,0,25524,pandi,25,Cundinamarca
501,25530,0,0,0,0,1,0,0,0,0,0,0,0,0,0,0,0,0,0,0,1,1,25530,paratebueno,25,Cundinamarca
502,25535,0,0,0,0,0,0,0,0,0,0,0,0,0,0,0,1,1,0,0,0,0,25535,pasca,25,Cundinamarca
503,25572,0,1,0,0,0,0,0,0,2,0,3,0,1,0,0,3,0,1,1,2,0,25572,puerto salgar,25,Cundinamarca
504,25592,0,0,0,0,0,0,0,0,0,0,0,0,0,0,0,1,1,0,1,0,0,25592,quebradanegra,25,Cundinamarca
505,25594,0,0,2,0,1,0,0,0,0,0,0,1,0,0,1,2,0,1,0,0,0,25594,quetame,25,Cundinamarca
506,25596,0,1,0,0,0,0,0,1,0,1,0,0,1,1,1,1,0,0,0,2,1,25596,quipile,25,Cundinamarca
507,25599,0,1,0,0,1,0,0,0,0,0,2,1,1,0,1,1,1,0,0,1,1,25599,apulo,25,Cundinamarca
508,25612,0,0,0,1,0,0,0,1,0,0,0,0,0,2,0,0,1,1,0,1,2,25612,ricaurte,25,Cundinamarca
509,25645,0,0,0,1,0,0,0,0,0,1,0,0,0,1,0,0,0,0,0,0,2,25645,san antonio del tequendama,25,Cundinamarca
510,25649,0,0,1,0,1,1,0,1,1,0,0,1,1,0,0,1,1,0,0,0,0,25649,san bernardo,25,Cundinamarca
511,25658,0,1,0,0,1,0,0,1,1,0,0,0,0,0,0,0,2,0,0,0,0,25658,san francisco,25,Cundinamarca
512,25662,1,0,0,0,0,0,0,1,1,2,0,0,1,0,1,0,1,1,1,1,0,25662,san juan de rioseco,25,Cundinamarca
513,25718,0,0,0,0,1,0,2,0,1,0,0,0,1,1,1,0,0,0,1,1,0,25718,sasaima,25,Cundinamarca
514,25736,0,1,1,0,0,0,0,0,1,0,0,0,0,0,0,1,0,1,1,2,0,25736,sesquilé,25,Cundinamarca
515,25740,1,0,0,2,1,1,0,0,2,3,2,2,0,1,0,1,3,3,2,3,0,25740,sibaté,25,Cundinamarca
516,25743,0,0,0,0,0,0,0,1,2,1,0,2,2,1,1,1,2,1,0,0,2,25743,silvania,25,Cundinamarca
517,25745,0,0,0,1,0,0,0,2,0,1,0,1,0,0,0,1,0,0,1,2,0,25745,simijaca,25,Cundinamarca
518,25754,3,3,12,7,6,15,9,11,12,15,13,7,13,12,16,22,16,22,33,34,32,25754,soacha,25,Cundinamarca
519,25758,0,0,0,2,0,0,2,0,1,0,0,2,0,1,1,0,0,1,3,2,3,25758,sopó,25,Cundinamarca
520,25769,0,0,0,0,1,1,1,3,2,0,0,1,1,1,0,1,0,0,2,0,1,25769,subachoque,25,Cundinamarca
521,25772,1,0,1,0,0,0,1,1,0,0,0,0,0,0,0,0,1,0,0,0,0,25772,suesca,25,Cundinamarca
522,25777,0,0,0,0,0,0,0,0,0,0,0,0,0,0,1,0,0,0,1,1,0,25777,supatá,25,Cundinamarca
523,25779,0,0,0,0,1,0,0,0,1,0,0,1,0,2,0,1,1,1,0,0,0,25779,susa,25,Cundinamarca
524,25781,1,0,0,0,0,0,1,0,0,0,0,0,0,0,0,0,0,1,0,1,0,25781,sutatausa,25,Cundinamarca
525,25785,0,1,1,0,1,2,0,2,0,2,0,0,2,1,0,1,0,2,0,1,1,25785,tabio,25,Cundinamarca
526,25793,0,0,0,0,0,0,0,0,1,0,0,0,0,0,1,0,0,0,0,0,0,25793,tausa,25,Cundinamarca
527,25797,0,0,0,0,0,0,1,1,0,0,2,1,0,0,0,1,0,0,0,0,0,25797,tena,25,Cundinamarca
528,25799,1,0,0,0,1,1,0,0,1,1,0,1,1,0,1,0,2,1,2,0,0,25799,tenjo,25,Cundinamarca
529,25805,0,0,0,0,0,0,0,0,0,0,0,0,0,0,0,0,0,1,0,0,0,25805,tibacuy,25,Cundinamarca
530,25807,0,0,0,0,0,0,1,0,1,0,0,0,0,0,0,0,0,0,0,0,1,25807,tibirita,25,Cundinamarca
531,25815,0,2,3,1,0,0,2,1,0,1,1,1,1,4,2,1,4,0,1,3,1,25815,tocaima,25,Cundinamarca
532,25817,1,0,0,0,1,1,1,0,0,1,1,1,3,1,0,1,3,0,1,0,2,25817,tocancipá,25,Cundinamarca
533,25823,0,1,0,0,0,1,0,0,0,0,0,0,0,1,1,0,0,0,0,0,0,25823,topaipí,25,Cundinamarca
534,25839,1,0,0,1,0,0,0,0,0,0,0,0,0,0,0,0,1,0,0,4,0,25839,ubalá,25,Cundinamarca
535,25841,0,1,0,0,0,0,0,0,0,1,0,0,0,0,0,1,1,0,0,0,1,25841,ubaque,25,Cundinamarca
536,25843,1,1,1,0,1,0,1,2,1,1,2,2,2,1,1,1,3,1,2,3,1,25843,villa de san diego de ubaté,25,Cundinamarca
537,25845,0,1,1,0,1,0,0,0,0,0,0,0,0,0,0,0,0,0,1,0,0,25845,une,25,Cundinamarca
538,25851,0,0,0,0,0,0,0,1,0,0,1,0,0,1,0,1,1,0,1,0,0,25851,útica,25,Cundinamarca
539,25862,1,0,0,0,1,1,2,0,1,0,1,1,2,0,1,0,0,0,0,0,0,25862,vergara,25,Cundinamarca
540,25867,0,1,0,1,0,0,0,0,0,0,0,1,0,0,0,0,0,1,0,0,1,25867,vianí,25,Cundinamarca
541,25873,1,0,0,2,0,0,1,2,2,0,0,0,1,0,0,0,0,0,2,1,0,25873,villapinzón,25,Cundinamarca
542,25875,0,1,0,1,1,2,0,3,1,3,2,0,2,0,2,2,1,0,2,1,0,25875,villeta,25,Cundinamarca
543,25878,0,1,0,0,0,1,1,1,0,0,0,0,0,2,1,1,1,0,0,0,0,25878,viotá,25,Cundinamarca
544,25885,0,0,0,2,1,0,2,0,1,1,0,0,1,1,1,2,1,1,0,2,0,25885,yacopí,25,Cundinamarca
545,25898,0,0,0,0,0,0,0,0,0,0,0,1,0,0,1,1,0,0,2,0,0,25898,zipacón,25,Cundinamarca
546,25899,3,2,4,5,4,4,4,3,7,6,4,9,4,8,1,1,7,9,14,10,6,25899,zipaquirá,25,Cundinamarca
547,27001,4,2,2,4,4,3,4,1,8,4,4,4,3,4,3,5,9,1,6,9,2,27001,quibdó,27,Choco
548,27006,0,0,1,0,0,0,1,0,0,0,0,1,0,0,0,0,0,1,0,1,0,27006,acandí,27,Choco
549,27025,0,0,0,0,0,0,0,0,0,0,0,0,0,0,0,1,1,0,0,1,0,27025,alto baudó,27,Choco
550,27050,0,0,0,0,0,0,0,0,0,0,0,0,0,0,1,0,0,0,0,0,0,27050,atrato,27,Choco
551,27075,0,0,0,0,0,0,0,1,0,0,0,0,1,0,0,0,0,0,0,0,0,27075,bahía solano,27,Choco
552,27077,0,0,0,0,0,0,0,0,0,0,0,0,0,0,0,1,1,0,0,0,0,27077,bajo baudó,27,Choco
553,27079,0,0,0,0,0,0,0,0,0,0,0,0,0,0,0,0,0,1,0,0,0,27079,0,27,Choco
554,27099,0,0,0,0,0,0,0,0,0,0,0,0,1,0,0,0,0,0,0,0,0,27099,bojayá,27,Choco
555,27245,0,0,0,0,0,0,0,0,0,0,1,0,0,0,1,0,0,0,0,1,1,27245,el carmen de atrato,27,Choco
556,27361,2,2,3,1,2,0,0,2,0,3,0,1,2,2,2,3,1,1,2,4,3,27361,istmina,27,Choco
557,27372,0,0,0,0,0,0,0,0,0,0,1,0,0,0,0,0,0,0,0,0,0,27372,juradó,27,Choco
558,27495,0,0,0,0,0,0,1,0,0,0,0,0,0,1,0,0,0,0,0,0,0,27495,nuquí,27,Choco
559,27615,0,0,0,0,0,0,0,1,0,0,1,0,0,0,0,0,0,0,0,0,1,27615,riosucio,27,Choco
560,27660,0,0,0,0,0,0,0,0,0,0,1,1,0,0,0,0,0,0,0,0,0,27660,san josé del palmar,27,Choco
561,27800,0,0,0,0,0,0,0,0,0,0,0,0,2,0,0,0,0,1,0,0,0,27800,unguía,27,Choco
562,41001,12,11,18,16,16,18,23,21,23,16,24,28,31,31,26,26,37,40,33,32,34,41001,neiva,41,Huila
563,41006,0,0,0,0,1,1,0,1,0,1,1,0,0,2,0,1,0,0,0,1,1,41006,acevedo,41,Huila
564,41013,0,0,0,0,1,0,0,1,0,0,0,0,0,1,0,1,1,1,1,0,2,41013,agrado,41,Huila
565,41016,0,0,1,0,0,0,0,0,0,0,3,1,0,0,1,2,1,0,0,1,3,41016,aipe,41,Huila
566,41020,0,1,0,1,0,1,2,1,0,1,1,0,1,0,0,1,1,1,0,1,0,41020,algeciras,41,Huila
567,41078,1,1,1,0,0,0,0,0,0,1,1,0,2,0,0,0,0,1,0,0,0,41078,baraya,41,Huila
568,41132,1,2,1,1,1,2,1,3,1,0,2,1,3,2,1,3,2,0,0,4,2,41132,campoalegre,41,Huila
569,41206,2,0,0,0,0,0,0,0,0,0,0,0,0,1,0,0,0,0,0,0,0,41206,colombia,41,Huila
570,41244,0,0,2,0,0,2,0,0,0,0,0,1,0,0,0,0,0,0,0,0,0,41244,elías,41,Huila
571,41298,2,1,2,0,0,1,3,2,1,7,1,2,2,1,5,4,3,3,4,5,2,41298,garzón,41,Huila
572,41306,2,3,0,1,0,0,2,0,0,4,5,1,0,0,2,3,0,1,1,0,2,41306,gigante,41,Huila
573,41319,0,0,0,0,0,0,0,0,1,2,0,0,1,1,1,0,2,0,1,0,0,41319,guadalupe,41,Huila
574,41349,0,0,0,0,0,1,0,0,1,0,1,1,0,0,0,2,0,0,0,0,0,41349,hobo,41,Huila
575,41357,0,0,0,0,0,0,0,0,0,0,0,0,1,0,0,0,0,0,0,0,1,41357,íquira,41,Huila
576,41359,0,1,0,0,0,0,0,1,1,0,0,2,0,0,1,1,0,0,1,0,0,41359,isnos,41,Huila
577,41378,0,0,0,1,0,0,0,0,0,0,0,0,0,0,0,1,1,0,0,1,0,41378,la argentina,41,Huila
578,41396,2,1,0,0,1,0,0,1,0,0,2,2,1,1,0,5,1,0,1,4,1,41396,la plata,41,Huila
579,41483,0,0,0,1,0,0,1,0,0,0,1,0,0,1,0,0,0,2,0,0,0,41483,nátaga,41,Huila
580,41503,1,0,1,1,0,0,0,1,0,0,0,0,0,0,1,1,0,2,1,0,0,41503,oporapa,41,Huila
581,41518,0,0,1,0,0,0,0,0,0,0,2,0,0,0,0,0,0,1,0,0,1,41518,paicol,41,Huila
582,41524,0,1,2,2,0,0,0,1,0,2,1,1,3,1,1,1,0,2,3,4,1,41524,palermo,41,Huila
583,41530,0,0,0,0,1,0,0,0,0,1,0,0,0,0,0,1,0,0,0,0,1,41530,palestina,41,Huila
584,41548,0,1,0,0,1,1,0,0,0,1,1,0,2,1,0,0,0,1,0,0,1,41548,pital,41,Huila
585,41551,2,3,3,2,2,8,2,6,2,5,4,5,5,2,4,2,15,10,8,4,7,41551,pitalito,41,Huila
586,41615,1,2,0,1,0,1,0,0,1,1,0,0,0,2,1,0,2,0,2,2,4,41615,rivera,41,Huila
587,41660,0,0,0,0,0,0,0,0,0,0,0,0,0,0,0,0,0,0,1,0,0,41660,saladoblanco,41,Huila
588,41668,1,0,2,2,0,0,0,2,0,2,0,0,1,1,0,2,0,1,1,0,4,41668,san agustín,41,Huila
589,41676,0,0,1,0,0,0,0,0,0,0,0,0,0,0,1,0,1,0,0,0,1,41676,santa maría,41,Huila
590,41770,0,0,0,0,0,1,0,0,0,1,0,0,0,0,0,1,0,1,0,0,1,41770,suaza,41,Huila
591,41791,0,0,1,0,0,0,0,0,1,0,0,1,2,0,0,0,0,0,1,1,1,41791,tarqui,41,Huila
592,41797,0,0,0,0,1,0,0,0,0,0,0,0,0,0,0,0,1,1,0,1,0,41797,tesalia,41,Huila
593,41799,0,1,0,0,0,0,0,2,0,0,0,1,2,0,0,0,0,2,3,0,0,41799,tello,41,Huila
594,41801,0,1,0,0,1,1,1,0,0,1,1,0,1,0,0,0,1,0,0,1,0,41801,teruel,41,Huila
595,41807,0,2,0,0,0,0,0,0,1,1,0,0,1,0,0,0,2,0,3,1,1,41807,timaná,41,Huila
596,41872,0,0,0,0,0,0,1,0,0,1,1,0,0,1,0,0,0,0,0,1,0,41872,villavieja,41,Huila
597,41885,0,0,0,1,1,0,0,0,0,0,2,0,1,0,0,0,0,1,1,1,1,41885,yaguará,41,Huila
598,44001,1,1,1,1,2,2,6,3,4,1,4,7,5,2,2,6,8,5,5,12,10,44001,riohacha,44,La guajira
599,44078,1,1,0,0,1,0,1,1,0,2,0,0,1,1,2,2,1,0,1,2,3,44078,barrancas,44,La guajira
600,44090,0,0,0,0,0,0,0,0,0,0,0,0,0,0,0,0,0,1,0,0,1,44090,dibulla,44,La guajira
601,44098,1,0,0,0,0,0,0,0,0,0,0,0,1,0,0,0,0,0,1,0,1,44098,distracción,44,La guajira
602,44110,0,0,0,0,0,0,0,0,0,0,0,1,0,0,1,0,0,1,0,1,3,44110,el molino,44,La guajira
603,44279,0,1,0,0,1,1,1,3,0,1,1,1,1,1,1,1,0,0,0,2,3,44279,fonseca,44,La guajira
604,44378,0,0,0,0,0,0,0,0,0,0,0,0,0,1,0,0,0,1,2,0,0,44378,hatonuevo,44,La guajira
605,44430,1,2,4,2,2,1,1,0,5,1,2,3,2,4,3,1,1,3,5,4,7,44430,maicao,44,La guajira
606,44560,1,0,0,0,0,0,2,0,1,0,1,0,1,0,0,0,0,0,0,1,0,44560,manaure,44,La guajira
607,44650,1,1,1,0,1,1,2,2,1,0,4,2,3,1,0,0,3,2,5,3,2,44650,san juan del cesar,44,La guajira
608,44847,0,0,1,0,0,0,0,0,0,0,2,0,1,1,0,1,0,1,0,1,2,44847,uribia,44,La guajira
609,44855,0,0,0,0,2,0,1,0,1,0,1,0,0,0,0,1,1,0,0,0,1,44855,urumita,44,La guajira
610,44874,0,1,2,1,0,0,2,1,0,1,1,0,5,2,2,1,0,1,3,2,1,44874,villanueva,44,La guajira
611,47001,12,17,18,17,14,26,27,21,24,27,16,25,25,30,37,32,33,31,48,45,49,47001,santa marta,47,Magdalena
612,47053,0,0,1,0,1,0,0,2,0,2,0,0,1,1,0,0,1,1,0,1,4,47053,aracataca,47,Magdalena
613,47189,4,4,5,1,3,0,5,4,1,8,4,10,3,2,3,5,5,7,8,14,5,47189,ciénaga,47,Magdalena
614,47245,0,0,2,0,0,1,0,1,2,3,0,5,1,1,1,3,4,0,3,5,4,47245,el banco,47,Magdalena
615,47268,1,0,0,1,0,0,1,0,2,0,1,0,0,0,1,0,3,0,0,1,0,47268,el retén,47,Magdalena
616,47288,5,6,3,2,6,4,5,1,12,3,4,7,5,7,8,5,6,10,8,9,13,47288,fundación,47,Magdalena
617,47318,1,0,0,0,0,2,0,0,0,0,1,1,0,0,0,0,0,2,0,0,2,47318,guamal,47,Magdalena
618,47545,0,0,0,0,0,0,0,0,0,0,0,0,0,0,1,0,0,0,0,0,0,47545,pijiño del carmen,47,Magdalena
619,47555,0,1,0,1,3,2,3,2,0,4,0,2,0,4,3,3,2,4,0,4,6,47555,plato,47,Magdalena
620,47570,0,1,0,0,1,0,0,0,0,1,0,2,3,1,0,0,2,0,1,0,0,47570,puebloviejo,47,Magdalena
621,47605,0,0,0,0,0,0,0,0,0,0,0,0,0,0,0,0,0,0,0,1,1,47605,remolino,47,Magdalena
622,47675,0,0,0,0,0,0,0,0,0,0,0,0,0,1,0,2,0,0,0,1,0,47675,salamina,47,Magdalena
623,47692,0,0,0,0,0,0,0,0,1,0,0,0,0,0,0,0,0,1,0,0,0,47692,san sebastián de buenavista,47,Magdalena
624,47703,0,1,0,0,0,0,0,0,0,0,0,1,0,0,0,0,0,1,0,0,0,47703,san zenón,47,Magdalena
625,47720,0,0,0,0,0,0,0,0,1,0,0,0,0,0,0,0,0,0,0,1,0,47720,santa bárbara de pinto,47,Magdalena
626,47745,0,1,0,0,0,0,0,1,0,0,0,0,0,1,0,0,0,1,0,0,1,47745,sitionuevo,47,Magdalena
627,47980,0,0,1,0,0,1,0,0,2,1,0,2,0,1,2,1,0,3,3,1,2,47980,zona bananera,47,Magdalena
628,50001,11,11,10,8,16,13,13,21,28,21,29,18,33,21,33,28,36,29,23,43,51,50001,villavicencio,50,Meta
629,50006,2,2,3,0,0,1,3,2,1,2,3,4,3,1,1,1,2,3,6,4,3,50006,acacías,50,Meta
630,50110,0,0,0,0,0,0,0,0,0,0,0,0,0,0,0,0,1,0,1,1,0,50110,barranca de upía,50,Meta
631,50124,0,0,0,1,0,0,0,0,0,0,0,0,0,0,0,0,0,1,1,0,0,50124,cabuyaro,50,Meta
632,50150,0,0,0,0,0,1,0,0,0,2,0,0,0,0,0,1,1,0,0,0,0,50150,castilla la nueva,50,Meta
633,50223,1,0,0,0,0,0,1,0,1,0,1,0,0,0,0,0,0,0,1,0,1,50223,cubarral,50,Meta
634,50226,0,0,0,2,0,0,0,0,1,1,0,2,1,0,1,2,0,2,1,0,0,50226,cumaral,50,Meta
635,50245,0,0,0,0,0,0,1,0,0,0,0,0,0,0,0,0,0,0,0,0,0,50245,el calvario,50,Meta
636,50251,0,0,0,0,0,0,0,0,0,0,0,0,0,1,1,0,0,1,0,0,1,50251,el castillo,50,Meta
637,50270,0,0,0,0,1,0,0,0,0,0,0,0,0,0,1,0,0,0,0,0,0,50270,el dorado,50,Meta
638,50287,0,0,0,0,0,0,0,0,1,1,0,0,0,0,0,0,0,0,0,0,0,50287,fuente de oro,50,Meta
639,50313,2,1,3,0,2,0,3,1,1,2,3,4,3,4,2,2,2,0,2,3,1,50313,granada,50,Meta
640,50318,0,1,0,0,0,0,2,0,0,0,0,4,0,0,0,0,2,1,1,0,0,50318,guamal,50,Meta
641,50325,0,0,0,0,0,0,0,0,0,0,0,0,0,1,0,0,0,0,0,1,0,50325,mapiripán,50,Meta
642,50330,0,0,0,0,0,0,0,0,0,0,0,0,0,0,0,0,0,1,0,1,1,50330,mesetas,50,Meta
643,50350,0,0,0,0,0,0,0,0,0,0,0,1,0,2,1,1,0,1,0,2,0,50350,la macarena,50,Meta
644,50370,0,0,0,0,0,0,0,0,0,0,0,0,0,0,0,0,0,0,0,1,1,50370,uribe,50,Meta
645,50400,0,0,1,0,0,0,1,0,0,0,1,0,0,1,0,1,1,0,1,1,0,50400,lejanías,50,Meta
646,50450,0,0,0,0,0,0,1,0,0,0,0,0,0,1,0,0,0,0,0,0,0,50450,puerto concordia,50,Meta
647,50568,0,0,0,0,0,0,0,0,0,0,2,0,0,0,0,0,0,1,0,1,0,50568,puerto gaitán,50,Meta
648,50573,2,0,0,0,0,1,2,2,0,0,0,1,1,1,1,1,2,2,2,3,2,50573,puerto lópez,50,Meta
649,50577,0,0,0,0,0,0,0,0,0,0,0,0,0,0,0,0,0,0,1,0,0,50577,puerto lleras,50,Meta
650,50590,0,0,0,0,0,0,0,0,2,0,0,1,0,0,1,0,1,2,0,1,0,50590,puerto rico,50,Meta
651,50606,0,0,1,1,0,0,0,0,1,2,0,0,1,1,1,0,0,0,0,1,2,50606,restrepo,50,Meta
652,50680,0,0,0,1,0,1,0,0,0,0,1,0,0,0,1,0,0,0,1,0,0,50680,san carlos de guaroa,50,Meta
653,50683,0,0,0,0,0,0,0,0,1,0,0,0,0,0,1,0,0,0,0,0,0,50683,san juan de arama,50,Meta
654,50689,0,1,1,0,1,1,0,0,2,1,1,0,2,2,0,1,0,1,2,0,1,50689,san martín,50,Meta
655,50711,1,0,0,0,0,1,0,0,0,0,0,2,0,0,0,0,0,0,1,0,0,50711,vistahermosa,50,Meta
656,52001,10,12,13,16,18,12,18,11,14,16,26,24,20,19,26,31,25,34,22,35,39,52001,pasto,52,Nariño
657,52019,0,0,0,0,1,0,0,2,0,0,0,0,0,1,0,0,0,1,0,1,0,52019,albán,52,Nariño
658,52022,1,0,0,0,0,1,0,0,1,0,0,0,0,0,0,0,0,0,0,0,0,52022,aldana,52,Nariño
659,52036,0,0,0,1,1,0,1,0,0,0,0,0,0,2,0,0,0,0,0,0,0,52036,ancuya,52,Nariño
660,52051,1,0,1,0,0,0,0,0,0,0,0,0,0,0,0,0,0,0,0,1,0,52051,arboleda,52,Nariño
661,52079,0,0,1,0,0,0,0,1,1,0,0,0,0,0,1,0,0,0,1,0,0,52079,barbacoas,52,Nariño
662,52083,0,0,0,1,0,0,2,0,0,0,0,0,0,1,0,0,0,0,0,0,0,52083,belén,52,Nariño
663,52110,1,0,1,0,0,0,0,0,2,0,0,0,1,0,0,0,0,1,2,2,1,52110,buesaco,52,Nariño
664,52203,0,0,0,0,0,0,0,0,0,1,0,0,0,0,0,0,1,0,0,0,0,52203,colón,52,Nariño
665,52207,0,0,0,1,0,0,0,0,0,0,0,0,0,0,0,0,0,2,0,0,0,52207,consacá,52,Nariño
666,52210,0,0,0,1,1,0,0,0,1,2,0,0,0,1,0,0,0,0,0,0,0,52210,contadero,52,Nariño
667,52215,0,0,0,0,1,0,0,0,0,0,0,1,0,0,0,0,0,0,0,1,0,52215,córdoba,52,Nariño
668,52224,0,0,0,0,0,0,0,0,0,0,0,0,0,1,0,0,0,1,0,0,0,52224,cuaspud carlosama,52,Nariño
669,52227,0,0,1,0,0,1,1,0,0,1,0,0,1,0,0,1,0,0,2,0,1,52227,cumbal,52,Nariño
670,52233,0,0,0,0,0,2,0,0,0,0,0,0,0,0,0,1,0,0,1,0,0,52233,cumbitara,52,Nariño
671,52240,0,0,0,0,0,0,0,1,0,0,0,2,0,1,0,1,0,0,0,1,0,52240,chachagüí,52,Nariño
672,52250,0,0,0,0,0,0,1,0,0,0,0,0,0,0,0,0,0,1,1,0,0,52250,el charco,52,Nariño
673,52256,0,0,0,0,0,0,1,0,0,0,0,0,0,0,0,0,1,0,0,1,0,52256,el rosario,52,Nariño
674,52258,0,0,0,0,0,0,0,0,0,0,0,0,0,0,0,0,0,0,0,0,1,52258,el tablón de gómez,52,Nariño
675,52260,0,0,1,0,1,1,2,1,1,0,0,0,1,0,3,0,0,3,2,4,1,52260,el tambo,52,Nariño
676,52287,0,0,1,0,0,0,0,0,0,0,0,0,0,0,0,0,2,0,0,0,0,52287,funes,52,Nariño
677,52317,0,0,0,0,1,0,0,0,0,0,2,0,0,0,0,1,0,0,0,1,1,52317,guachucal,52,Nariño
678,52320,0,0,0,0,0,1,0,0,0,2,0,1,0,0,0,0,1,1,1,0,0,52320,guaitarilla,52,Nariño
679,52323,0,0,0,0,0,0,0,0,0,0,0,4,0,1,0,1,0,1,0,0,1,52323,gualmatán,52,Nariño
680,52352,0,0,0,0,0,0,0,0,0,0,0,0,1,0,0,0,0,0,0,0,0,52352,iles,52,Nariño
681,52354,0,0,0,0,0,1,0,0,0,0,0,0,0,0,0,1,0,1,0,0,0,52354,imués,52,Nariño
682,52356,2,2,2,2,2,3,2,3,4,5,0,5,4,4,6,2,2,4,8,4,7,52356,ipiales,52,Nariño
683,52378,0,1,0,3,1,1,1,0,0,1,1,1,1,1,0,0,2,0,2,0,2,52378,la cruz,52,Nariño
684,52381,0,0,0,0,1,0,0,0,0,0,0,0,0,0,0,0,0,0,1,0,0,52381,la florida,52,Nariño
685,52385,1,0,0,0,0,0,0,0,0,0,0,0,1,0,0,0,0,0,0,1,0,52385,la llanada,52,Nariño
686,52399,1,1,0,1,0,0,1,0,0,1,0,0,2,0,0,0,0,1,0,0,1,52399,la unión,52,Nariño
687,52405,0,0,0,0,0,0,0,0,0,0,0,0,0,0,0,0,0,0,0,1,0,52405,leiva,52,Nariño
688,52411,0,0,0,0,0,2,0,0,0,0,1,0,2,0,0,3,0,1,1,1,0,52411,linares,52,Nariño
689,52418,0,0,0,1,0,0,0,0,0,0,0,1,0,0,1,1,0,1,0,1,1,52418,los andes,52,Nariño
690,52427,0,1,0,0,0,0,0,0,0,0,0,0,0,0,0,0,0,0,0,0,0,52427,magüí,52,Nariño
691,52435,0,1,0,0,0,0,0,0,0,1,0,0,0,1,1,0,0,0,0,0,0,52435,mallama,52,Nariño
692,52473,0,1,1,0,0,0,0,0,0,0,0,0,0,1,0,0,0,0,0,0,0,52473,mosquera,52,Nariño
693,52506,0,0,0,0,0,0,0,0,0,0,2,0,0,0,0,0,0,0,1,0,0,52506,ospina,52,Nariño
694,52540,0,0,0,0,0,1,0,0,0,0,0,0,1,0,0,0,0,0,0,1,1,52540,policarpa,52,Nariño
695,52560,0,0,0,0,0,0,2,0,0,0,0,1,0,0,0,0,0,1,0,0,0,52560,potosí,52,Nariño
696,52565,0,0,0,0,0,0,0,0,0,0,0,0,0,0,0,0,0,0,1,0,0,52565,providencia,52,Nariño
697,52573,0,0,1,0,0,0,0,0,0,0,0,0,0,0,1,0,0,1,0,0,0,52573,puerres,52,Nariño
698,52585,0,0,1,0,1,1,1,0,0,0,0,1,0,1,1,0,1,1,2,2,0,52585,pupiales,52,Nariño
699,52612,0,1,0,0,0,0,1,0,0,0,0,0,1,0,0,0,0,0,0,0,0,52612,ricaurte,52,Nariño
700,52621,0,0,0,0,0,0,0,0,0,0,0,0,0,0,1,0,0,0,1,0,0,52621,roberto payán,52,Nariño
701,52678,0,0,1,0,0,1,1,0,1,0,1,0,0,0,2,0,0,0,1,3,0,52678,samaniego,52,Nariño
702,52683,1,0,0,1,3,1,1,0,0,1,1,3,0,1,2,2,0,1,0,1,0,52683,sandoná,52,Nariño
703,52685,0,0,1,0,0,0,0,0,0,0,0,0,0,0,1,0,1,0,1,0,0,52685,san bernardo,52,Nariño
704,52687,0,1,0,0,0,0,1,0,0,0,0,0,0,0,1,0,0,0,1,0,1,52687,san lorenzo,52,Nariño
705,52693,0,0,0,1,0,1,0,0,1,0,0,0,0,2,0,0,0,0,1,1,2,52693,san pablo,52,Nariño
706,52694,0,0,0,0,0,0,1,0,0,0,0,0,0,1,0,0,0,0,0,0,0,52694,san pedro de cartago,52,Nariño
707,52699,1,0,0,0,0,0,0,0,0,1,0,0,0,0,0,1,1,0,0,0,0,52699,santacruz,52,Nariño
708,52720,0,0,0,0,0,0,0,0,0,1,0,0,0,0,0,0,0,1,1,0,0,52720,sapuyes,52,Nariño
709,52786,1,0,0,2,1,0,0,0,0,0,0,0,2,1,0,1,0,0,0,0,0,52786,taminango,52,Nariño
710,52788,0,0,0,1,0,0,0,1,1,0,1,0,0,1,0,0,1,1,0,0,0,52788,tangua,52,Nariño
711,52835,1,0,1,5,3,0,1,2,3,2,7,7,5,8,6,2,4,9,6,5,11,52835,san andrés de tumaco,52,Nariño
712,52838,0,1,0,0,0,0,0,1,3,1,0,2,3,0,3,2,0,1,2,0,0,52838,túquerres,52,Nariño
713,52885,0,0,0,0,0,0,1,0,1,0,0,0,0,1,0,0,0,2,0,1,1,52885,yacuanquer,52,Nariño
714,54001,27,23,26,22,26,33,26,45,35,34,31,34,40,49,43,46,60,59,64,69,61,54001,san josé de cúcuta,54,Norte de Santander
715,54003,0,1,0,0,0,0,0,0,1,1,1,2,1,0,1,2,2,1,0,1,2,54003,ábrego,54,Norte de Santander
716,54051,0,0,0,0,0,0,0,0,0,1,0,0,0,0,0,1,0,0,0,0,0,54051,arboledas,54,Norte de Santander
717,54099,1,0,0,0,0,0,0,0,0,1,0,0,1,0,0,2,1,0,1,0,1,54099,bochalema,54,Norte de Santander
718,54109,0,0,0,0,0,0,0,0,0,1,0,0,0,0,0,0,1,0,0,0,0,54109,bucarasica,54,Norte de Santander
719,54125,0,0,0,0,1,0,0,0,0,0,0,0,0,0,0,0,0,0,0,0,0,54125,cácota,54,Norte de Santander
720,54128,0,0,0,0,0,0,0,0,0,0,0,0,0,0,0,0,0,0,1,0,0,54128,cáchira,54,Norte de Santander
721,54172,0,0,0,0,1,0,0,0,1,1,2,2,1,0,0,0,0,0,1,0,1,54172,chinácota,54,Norte de Santander
722,54174,0,0,0,0,0,0,0,0,0,0,0,0,0,0,0,0,0,0,3,0,0,54174,chitagá,54,Norte de Santander
723,54206,0,1,0,0,0,1,0,0,0,0,0,0,0,1,1,0,0,0,0,0,1,54206,convención,54,Norte de Santander
724,54223,2,0,0,0,0,0,1,0,0,0,0,0,1,0,0,0,0,1,0,0,0,54223,cucutilla,54,Norte de Santander
725,54239,1,0,0,1,0,0,1,0,1,0,0,0,0,0,0,0,0,2,1,1,0,54239,durania,54,Norte de Santander
726,54245,0,0,0,0,0,0,1,0,1,0,0,0,0,0,0,2,0,1,0,0,0,54245,el carmen,54,Norte de Santander
727,54250,0,0,0,0,0,0,0,0,1,0,0,0,0,0,1,0,0,0,0,0,0,54250,el tarra,54,Norte de Santander
728,54261,0,0,0,1,1,0,1,0,2,0,0,0,1,0,0,0,0,0,0,3,1,54261,el zulia,54,Norte de Santander
729,54313,2,0,2,0,0,0,0,0,0,0,1,0,1,0,0,1,0,0,0,0,0,54313,gramalote,54,Norte de Santander
730,54347,0,0,0,0,0,0,0,0,0,0,0,1,0,0,0,0,0,0,0,0,0,54347,herrán,54,Norte de Santander
731,54377,0,0,0,0,0,0,0,0,0,0,1,2,0,0,0,0,0,0,0,0,1,54377,labateca,54,Norte de Santander
732,54385,0,0,1,0,0,0,0,0,0,0,0,1,0,0,0,0,0,1,0,0,0,54385,la esperanza,54,Norte de Santander
733,54398,0,0,0,0,0,0,0,0,0,0,0,0,0,0,0,0,0,0,1,0,1,54398,la playa,54,Norte de Santander
734,54405,1,2,1,3,2,2,1,0,2,3,2,0,4,3,3,4,5,2,2,7,4,54405,los patios,54,Norte de Santander
735,54418,0,0,0,0,0,0,0,0,0,1,0,0,0,0,0,0,1,0,0,0,0,54418,lourdes,54,Norte de Santander
736,54480,0,0,0,0,0,0,0,0,1,0,0,0,0,0,0,0,0,0,0,0,0,54480,mutiscua,54,Norte de Santander
737,54498,0,3,0,2,4,4,3,7,0,6,3,4,3,6,8,12,5,3,7,4,14,54498,ocaña,54,Norte de Santander
738,54518,6,1,4,5,0,3,1,3,1,5,3,2,2,2,0,3,2,1,3,1,4,54518,pamplona,54,Norte de Santander
739,54520,0,0,0,0,0,0,0,0,0,0,0,1,0,0,1,0,0,0,0,0,1,54520,pamplonita,54,Norte de Santander
740,54553,0,0,0,0,0,0,0,0,0,0,0,0,0,0,0,0,1,1,0,0,2,54553,puerto santander,54,Norte de Santander
741,54599,0,0,0,0,0,0,0,0,0,0,0,0,1,0,0,0,0,0,0,0,1,54599,ragonvalia,54,Norte de Santander
742,54660,0,0,0,0,0,0,0,0,1,0,0,0,1,0,1,1,0,2,0,0,0,54660,salazar,54,Norte de Santander
743,54670,0,0,0,0,0,0,0,0,1,0,0,0,0,0,1,0,0,0,0,0,0,54670,san calixto,54,Norte de Santander
744,54673,0,0,0,0,0,0,1,0,1,1,0,0,0,0,0,0,0,0,0,0,0,54673,san cayetano,54,Norte de Santander
745,54680,0,0,0,0,0,0,1,1,0,0,0,0,1,0,0,0,0,0,0,0,0,54680,santiago,54,Norte de Santander
746,54720,0,0,0,0,1,1,1,0,0,0,2,0,0,0,0,1,1,0,1,1,1,54720,sardinata,54,Norte de Santander
747,54743,0,0,0,0,0,0,0,0,0,0,0,0,0,1,0,0,0,0,0,0,0,54743,silos,54,Norte de Santander
748,54800,1,0,0,0,0,0,0,0,0,0,0,0,0,1,0,0,0,0,1,1,1,54800,teorama,54,Norte de Santander
749,54810,1,0,2,0,1,0,0,0,0,0,0,0,0,2,0,1,1,1,1,1,0,54810,tibú,54,Norte de Santander
750,54820,0,1,0,0,1,1,0,0,0,0,0,0,0,0,0,0,0,1,0,0,2,54820,toledo,54,Norte de Santander
751,54871,0,1,0,0,0,0,1,0,0,2,1,0,0,0,0,0,0,0,0,0,0,54871,villa caro,54,Norte de Santander
752,54874,1,1,4,3,0,1,1,3,2,3,4,3,2,2,1,4,4,2,3,3,3,54874,villa del rosario,54,Norte de Santander
753,63001,14,9,13,18,11,22,21,26,21,20,25,25,21,25,33,33,37,25,30,34,37,63001,armenia,63,Quindio
754,63111,0,0,0,0,0,0,0,0,0,0,0,0,0,1,0,0,0,0,0,0,0,63111,buenavista,63,Quindio
755,63130,6,1,6,2,2,1,4,4,5,7,3,6,3,3,6,6,8,5,6,3,6,63130,calarcá,63,Quindio
756,63190,2,0,1,1,0,3,3,4,0,3,3,0,0,3,0,1,4,1,2,0,2,63190,circasia,63,Quindio
757,63212,0,0,1,0,0,1,0,1,0,0,0,0,0,0,1,0,0,0,0,0,0,63212,córdoba,63,Quindio
758,63272,0,1,0,0,0,0,0,0,0,2,0,1,1,0,0,0,0,1,0,0,0,63272,filandia,63,Quindio
759,63302,0,0,0,0,1,1,0,0,0,0,2,2,1,1,0,0,1,0,0,2,0,63302,génova,63,Quindio
760,63401,1,2,1,2,1,2,1,2,1,3,2,0,2,1,4,5,1,1,4,3,2,63401,la tebaida,63,Quindio
761,63470,1,0,0,4,0,2,1,3,2,1,1,2,2,1,5,3,3,1,6,5,1,63470,montenegro,63,Quindio
762,63548,0,1,0,0,1,0,0,0,0,0,0,0,0,1,0,0,1,0,0,0,1,63548,pijao,63,Quindio
763,63594,0,2,0,2,1,2,3,1,2,2,0,2,1,1,4,2,3,2,0,1,1,63594,quimbaya,63,Quindio
764,63690,0,0,0,1,0,1,0,0,0,0,2,0,0,1,1,0,0,1,0,2,0,63690,salento,63,Quindio
765,66001,17,34,29,20,28,38,24,36,30,29,36,29,29,38,49,33,50,67,38,51,65,66001,pereira,66,Risaralda
766,66045,0,1,2,1,1,0,2,1,1,0,0,1,1,0,1,2,1,1,0,4,1,66045,apía,66,Risaralda
767,66075,0,0,0,0,0,0,0,0,0,0,1,2,0,1,1,0,1,0,0,0,0,66075,balboa,66,Risaralda
768,66088,0,1,2,0,1,0,0,0,0,2,2,0,1,3,1,0,3,0,4,3,2,66088,belén de umbría,66,Risaralda
769,66170,3,6,7,4,5,8,9,12,5,8,5,13,16,15,9,15,24,13,22,24,16,66170,dosquebradas,66,Risaralda
770,66318,0,1,0,1,0,0,0,2,0,1,1,0,1,0,2,0,0,0,1,2,0,66318,guática,66,Risaralda
771,66383,0,1,1,0,0,0,0,0,0,1,1,0,2,0,1,0,0,1,0,1,0,66383,la celia,66,Risaralda
772,66400,1,1,1,1,3,1,3,2,3,4,3,2,2,3,4,4,4,2,4,3,5,66400,la virginia,66,Risaralda
773,66440,0,0,1,2,0,0,2,1,1,1,3,1,0,1,1,1,3,0,1,1,1,66440,marsella,66,Risaralda
774,66456,0,0,0,0,0,0,0,1,1,0,1,0,1,0,0,0,0,0,0,0,0,66456,mistrató,66,Risaralda
775,66572,0,0,0,1,0,0,0,1,0,0,0,0,0,2,0,0,0,1,0,0,0,66572,pueblo rico,66,Risaralda
776,66594,2,1,1,2,1,2,1,0,0,0,0,1,1,4,3,1,1,2,2,2,0,66594,quinchía,66,Risaralda
777,66682,4,6,3,4,4,6,2,4,4,2,4,2,6,4,2,4,3,4,9,12,8,66682,santa rosa de cabal,66,Risaralda
778,66687,2,0,2,0,2,1,0,1,1,2,0,0,1,0,1,0,1,0,0,0,2,66687,santuario,66,Risaralda
779,68001,46,43,30,35,46,48,39,29,30,39,35,50,47,32,39,61,77,65,66,64,84,68001,bucaramanga,68,Santander
780,68013,0,0,0,0,0,0,0,0,0,0,0,0,0,1,0,0,0,0,0,0,0,68013,aguada,68,Santander
781,68020,0,0,0,0,1,0,0,0,0,0,0,0,0,1,0,0,0,0,0,0,0,68020,albania,68,Santander
782,68051,0,0,0,0,0,0,0,0,0,0,1,0,0,0,1,0,0,0,0,2,1,68051,aratoca,68,Santander
783,68077,1,0,2,0,1,1,0,3,1,1,0,1,1,0,2,1,3,0,2,0,2,68077,barbosa,68,Santander
784,68079,0,0,0,1,0,1,0,1,0,0,0,0,0,0,0,0,0,2,0,2,1,68079,barichara,68,Santander
785,68081,4,6,12,4,11,9,11,5,10,6,9,10,10,14,7,9,13,15,11,26,28,68081,barrancabermeja,68,Santander
786,68092,0,0,1,0,0,0,0,0,0,0,0,0,0,0,0,0,0,0,1,0,0,68092,betulia,68,Santander
787,68101,0,1,1,0,0,0,0,0,0,1,0,1,0,0,0,0,0,0,2,0,0,68101,bolívar,68,Santander
788,68121,0,0,0,0,0,0,0,0,0,0,0,0,0,1,0,0,0,0,0,0,0,68121,cabrera,68,Santander
789,68147,0,0,1,0,1,0,0,0,0,0,1,1,1,0,0,0,0,1,0,0,0,68147,capitanejo,68,Santander
790,68162,0,0,0,0,0,0,0,0,0,1,0,0,0,0,0,0,1,0,0,0,0,68162,cerrito,68,Santander
791,68167,1,1,2,0,0,0,1,0,0,0,0,0,0,0,0,3,1,0,2,0,0,68167,charalá,68,Santander
792,68169,0,0,0,0,0,0,0,0,0,0,0,0,0,0,0,0,0,2,0,0,1,68169,charta,68,Santander
793,68179,0,1,0,0,1,0,0,0,0,0,0,0,0,0,0,0,0,0,0,0,0,68179,chipatá,68,Santander
794,68190,0,1,0,0,1,0,1,1,0,1,1,1,1,1,0,0,0,0,0,2,1,68190,cimitarra,68,Santander
795,68207,0,0,0,0,1,1,1,0,1,0,0,1,0,0,0,0,0,0,0,1,0,68207,concepción,68,Santander
796,68209,0,0,0,0,0,0,0,0,0,0,0,0,1,0,0,0,0,0,0,0,0,68209,confines,68,Santander
797,68211,0,0,0,0,0,1,0,0,1,0,0,1,0,0,0,0,0,1,0,0,0,68211,contratación,68,Santander
798,68217,0,0,0,0,0,0,0,0,0,0,0,0,1,1,0,0,0,0,0,1,0,68217,coromoro,68,Santander
799,68229,0,0,0,0,0,0,0,0,0,1,0,0,0,0,0,0,1,0,0,2,2,68229,curití,68,Santander
800,68235,0,0,0,0,0,0,0,0,1,2,0,0,0,1,1,0,0,1,0,1,0,68235,el carmen de chucurí,68,Santander
801,68245,0,0,0,0,0,0,0,1,0,0,0,1,0,0,0,0,0,0,0,0,0,68245,el guacamayo,68,Santander
802,68250,0,0,0,0,0,0,0,0,0,0,0,0,1,0,0,0,0,0,0,0,1,68250,el peñón,68,Santander
803,68255,0,0,1,0,0,1,0,0,0,1,0,2,0,1,0,0,0,0,0,0,0,68255,el playón,68,Santander
804,68266,0,0,0,0,1,0,0,0,0,0,0,0,0,0,0,0,0,0,0,0,0,68266,enciso,68,Santander
805,68271,0,0,0,0,0,0,0,0,0,0,0,0,0,0,0,1,0,0,0,0,0,68271,florián,68,Santander
806,68276,6,6,10,16,14,12,23,18,19,9,17,21,16,20,12,25,23,23,18,29,32,68276,floridablanca,68,Santander
807,68296,1,0,0,0,1,0,0,1,0,0,0,0,0,0,0,0,0,0,0,0,0,68296,galán,68,Santander
808,68307,2,3,3,7,8,5,5,4,6,6,6,10,3,7,11,14,10,9,7,13,13,68307,girón,68,Santander
809,68318,0,1,0,0,0,0,0,0,0,0,1,0,0,0,0,0,0,1,0,0,1,68318,guaca,68,Santander
810,68320,1,1,0,0,0,0,0,0,0,0,0,0,0,0,0,0,0,0,0,1,0,68320,guadalupe,68,Santander
811,68322,0,0,0,1,0,0,0,0,0,0,0,0,0,0,0,0,0,0,0,1,0,68322,guapotá,68,Santander
812,68324,0,0,0,0,0,0,0,0,0,0,0,0,2,0,0,0,0,0,0,0,0,68324,guavatá,68,Santander
813,68327,0,0,0,0,0,0,0,0,0,0,0,0,0,0,0,0,0,0,1,0,0,68327,güepsa,68,Santander
814,68344,1,0,0,0,0,0,0,0,0,0,0,0,0,0,0,0,0,0,0,0,0,68344,hato,68,Santander
815,68385,0,0,0,1,1,0,1,0,0,1,0,1,0,0,1,0,0,0,0,1,0,68385,landázuri,68,Santander
816,68397,0,0,0,0,0,0,0,0,1,0,0,0,0,0,0,0,0,0,0,0,0,68397,la paz,68,Santander
817,68406,0,0,0,0,0,0,1,0,1,0,2,3,0,1,1,2,1,2,2,1,0,68406,lebrija,68,Santander
818,68418,0,1,0,0,0,1,0,0,0,1,0,0,1,0,1,0,0,0,0,0,0,68418,los santos,68,Santander
819,68432,1,0,2,0,0,3,2,0,1,1,1,0,2,1,1,0,2,1,0,0,0,68432,málaga,68,Santander
820,68444,0,0,0,0,0,0,0,0,1,0,0,1,0,0,1,0,0,0,0,0,0,68444,matanza,68,Santander
821,68464,0,0,1,0,1,0,0,1,0,0,0,0,0,0,0,0,0,0,0,2,1,68464,mogotes,68,Santander
822,68468,0,0,0,0,0,1,1,0,0,0,0,0,0,0,0,1,0,0,0,0,0,68468,molagavita,68,Santander
823,68498,0,0,0,0,0,0,0,0,0,0,0,0,0,0,1,1,0,0,0,0,0,68498,ocamonte,68,Santander
824,68500,1,0,0,0,1,1,0,0,1,0,1,0,0,0,0,0,1,0,1,0,1,68500,oiba,68,Santander
825,68502,0,0,0,0,0,0,2,0,1,0,0,0,0,0,0,1,0,2,0,0,1,68502,onzaga,68,Santander
826,68522,0,0,0,0,1,0,0,0,0,0,0,0,0,0,0,0,0,0,0,1,0,68522,palmar,68,Santander
827,68547,1,2,3,5,3,1,7,5,5,10,5,6,5,3,1,8,10,10,11,14,12,68547,piedecuesta,68,Santander
828,68549,0,0,0,0,0,0,0,0,0,0,0,1,0,0,0,0,0,0,0,0,1,68549,pinchote,68,Santander
829,68572,0,0,0,0,0,0,0,0,0,0,0,1,0,0,0,1,0,0,2,3,0,68572,puente nacional,68,Santander
830,68573,0,0,0,0,0,0,0,0,0,0,0,2,0,0,0,0,0,0,0,0,0,68573,puerto parra,68,Santander
831,68575,0,1,1,0,2,0,0,1,0,2,0,0,0,0,1,0,1,2,0,1,0,68575,puerto wilches,68,Santander
832,68615,1,3,0,0,1,1,0,0,1,1,1,1,0,1,0,0,0,3,0,0,2,68615,rionegro,68,Santander
833,68655,0,0,0,0,0,0,1,0,2,0,1,1,3,0,1,1,1,0,3,0,1,68655,sabana de torres,68,Santander
834,68669,1,1,0,0,1,0,1,1,0,0,0,0,0,0,0,0,0,1,1,0,0,68669,san andrés,68,Santander
835,68673,0,0,1,0,0,0,0,0,0,0,0,0,0,0,0,0,0,0,0,0,0,68673,san benito,68,Santander
836,68679,3,2,2,1,3,6,3,1,3,1,8,5,2,3,1,5,6,4,3,3,2,68679,san gil,68,Santander
837,68682,0,0,0,0,0,0,1,0,0,0,0,0,1,0,1,0,0,0,0,0,1,68682,san joaquín,68,Santander
838,68684,0,0,0,0,0,0,0,0,0,0,0,0,0,0,1,0,0,0,0,0,0,68684,san josé de miranda,68,Santander
839,68686,0,0,0,0,0,0,0,0,0,0,0,0,0,1,0,0,1,0,0,0,0,68686,san miguel,68,Santander
840,68689,2,1,0,1,0,0,0,1,1,0,2,1,1,2,1,1,1,1,3,0,1,68689,san vicente de chucurí,68,Santander
841,68745,0,0,0,0,0,0,0,0,0,1,0,0,0,1,0,0,0,0,0,0,0,68745,simacota,68,Santander
842,68755,1,0,0,1,2,1,0,1,0,1,1,2,1,0,1,3,3,2,2,2,4,68755,socorro,68,Santander
843,68770,0,1,1,0,0,0,0,1,0,0,0,0,0,0,0,0,0,0,1,0,1,68770,suaita,68,Santander
844,68773,0,0,0,0,0,0,0,0,0,0,0,1,0,0,0,0,1,0,0,0,0,68773,sucre,68,Santander
845,68780,0,0,0,0,0,0,0,0,0,0,0,0,0,0,0,1,0,0,0,0,0,68780,suratá,68,Santander
846,68855,1,0,0,0,1,0,0,0,1,0,0,0,0,0,1,0,0,0,1,0,0,68855,valle de san josé,68,Santander
847,68861,0,0,0,0,0,0,0,0,0,1,2,1,0,0,1,0,1,0,1,0,1,68861,vélez,68,Santander
848,68872,1,0,0,0,0,0,1,0,0,0,1,0,0,1,0,0,1,0,0,1,1,68872,villanueva,68,Santander
849,68895,1,1,0,0,1,1,1,3,1,1,0,1,0,0,2,0,1,0,0,1,0,68895,zapatoca,68,Santander
850,70001,7,8,7,10,6,12,10,4,11,10,14,19,10,14,17,14,14,25,21,28,22,70001,sincelejo,70,Sucre
851,70110,0,0,0,0,0,0,0,0,0,0,0,0,0,0,0,0,0,1,0,0,0,70110,buenavista,70,Sucre
852,70124,0,0,0,0,0,0,1,0,0,0,0,0,1,0,0,1,0,0,0,1,0,70124,caimito,70,Sucre
853,70204,1,0,0,0,0,0,0,0,0,0,0,0,0,0,0,0,0,0,0,1,0,70204,colosó,70,Sucre
854,70215,0,3,3,3,2,3,3,2,2,1,3,2,1,1,2,4,3,3,3,3,8,70215,corozal,70,Sucre
855,70230,1,0,0,0,0,0,0,1,0,0,1,0,0,0,0,0,0,0,0,0,0,70230,chalán,70,Sucre
856,70233,0,0,1,0,0,0,0,1,1,0,0,0,0,0,0,2,0,1,1,0,0,70233,el roble,70,Sucre
857,70235,0,0,0,0,0,1,1,0,0,0,0,0,0,0,1,0,0,2,0,1,1,70235,galeras,70,Sucre
858,70265,0,0,0,0,0,0,0,0,0,0,0,0,1,0,0,0,0,0,0,1,0,70265,guaranda,70,Sucre
859,70400,0,1,0,0,1,0,2,0,0,0,0,0,0,0,0,1,0,0,1,1,0,70400,la unión,70,Sucre
860,70418,1,0,2,1,1,0,0,1,0,1,2,0,0,2,1,1,0,0,0,2,0,70418,los palmitos,70,Sucre
861,70429,0,0,0,1,0,1,1,0,0,1,0,0,2,0,0,0,0,0,1,1,0,70429,majagual,70,Sucre
862,70473,0,2,0,0,3,1,1,0,0,1,1,0,0,0,0,2,0,0,1,0,0,70473,morroa,70,Sucre
863,70508,0,0,0,3,0,2,2,0,0,0,0,0,2,0,0,1,1,0,1,0,0,70508,ovejas,70,Sucre
864,70670,1,1,0,0,0,1,2,1,1,3,1,5,0,0,0,2,0,0,2,2,1,70670,sampués,70,Sucre
865,70678,0,0,0,0,0,1,0,0,0,0,1,0,1,1,0,0,1,2,0,1,2,70678,san benito abad,70,Sucre
866,70702,0,0,0,0,0,0,0,0,0,0,1,1,1,0,0,1,0,0,0,1,1,70702,san juan de betulia,70,Sucre
867,70708,1,0,0,1,2,1,0,1,0,0,1,0,2,1,0,2,2,0,1,0,0,70708,san marcos,70,Sucre
868,70713,2,1,1,0,1,3,0,0,0,0,2,1,1,1,3,2,1,0,1,0,2,70713,san onofre,70,Sucre
869,70717,0,0,0,0,0,0,0,1,0,0,0,0,1,1,0,1,0,1,0,1,0,70717,san pedro,70,Sucre
870,70742,0,0,0,1,2,1,0,1,1,2,0,2,5,0,1,2,1,4,0,1,0,70742,san luis de sincé,70,Sucre
871,70771,0,0,1,0,0,0,0,0,1,1,0,0,0,1,3,0,0,1,0,0,0,70771,sucre,70,Sucre
872,70820,0,0,1,0,2,0,1,1,0,2,1,3,1,1,1,2,2,2,1,3,1,70820,santiago de tolú,70,Sucre
873,70823,1,0,0,0,1,0,0,2,0,0,0,1,0,0,0,0,1,1,1,1,1,70823,san josé de toluviejo,70,Sucre
874,73001,8,6,21,33,26,28,21,32,27,43,41,27,45,41,44,47,46,50,48,49,52,73001,ibagué,73,Tolima
875,73024,0,0,0,0,0,0,0,0,0,0,0,0,0,0,0,1,0,0,0,0,0,73024,alpujarra,73,Tolima
876,73026,1,0,0,1,0,0,0,0,0,1,0,2,0,0,0,1,0,0,2,1,0,73026,alvarado,73,Tolima
877,73030,0,0,0,0,0,1,0,0,1,0,1,0,0,0,0,0,0,1,0,1,0,73030,ambalema,73,Tolima
878,73043,0,0,0,0,0,0,0,0,0,1,0,0,1,0,0,0,1,1,0,1,0,73043,anzoátegui,73,Tolima
879,73055,0,0,1,0,1,1,0,1,0,1,0,1,0,0,0,1,0,1,2,1,0,73055,armero,73,Tolima
880,73067,0,0,0,0,0,1,0,1,0,1,1,0,0,2,0,0,1,1,0,0,1,73067,ataco,73,Tolima
881,73124,0,1,0,2,0,1,2,0,2,0,0,0,2,2,0,0,2,3,0,1,1,73124,cajamarca,73,Tolima
882,73148,0,0,1,0,0,0,0,0,0,1,1,0,0,0,0,1,0,1,0,2,0,73148,carmen de apicalá,73,Tolima
883,73152,1,0,0,0,0,0,0,0,0,0,0,0,0,2,0,0,1,0,0,1,0,73152,casabianca,73,Tolima
884,73168,1,0,1,2,2,1,0,1,1,3,0,0,2,0,0,2,1,0,2,4,2,73168,chaparral,73,Tolima
885,73200,0,0,1,0,0,0,1,0,1,1,0,0,0,0,0,1,0,0,1,0,0,73200,coello,73,Tolima
886,73217,0,2,0,0,0,2,0,1,0,0,1,0,0,1,0,0,0,0,0,0,0,73217,coyaima,73,Tolima
887,73226,0,0,0,0,0,1,0,1,0,0,0,0,0,1,0,0,0,0,0,0,1,73226,cunday,73,Tolima
888,73236,0,0,0,0,0,1,0,0,1,1,1,0,1,0,0,0,0,0,0,1,0,73236,dolores,73,Tolima
889,73268,0,1,4,6,3,10,3,6,6,7,3,8,3,6,5,12,6,11,11,12,9,73268,espinal,73,Tolima
890,73270,1,1,0,0,0,0,0,1,0,0,0,1,0,0,0,1,0,0,0,0,1,73270,falan,73,Tolima
891,73275,0,0,1,1,1,1,1,0,1,0,1,1,3,2,4,1,3,1,4,2,5,73275,flandes,73,Tolima
892,73283,1,0,1,0,0,4,0,0,3,1,0,3,1,2,1,1,0,2,4,0,1,73283,fresno,73,Tolima
893,73319,2,2,0,1,1,3,0,1,0,3,4,4,2,0,2,1,1,1,4,2,0,73319,guamo,73,Tolima
894,73347,0,0,0,1,0,0,0,1,0,0,0,0,0,0,0,0,0,0,0,0,0,73347,herveo,73,Tolima
895,73349,2,0,0,1,1,1,3,1,1,1,1,0,1,2,4,2,3,2,5,2,7,73349,honda,73,Tolima
896,73352,0,0,0,2,0,0,1,0,0,0,0,0,0,0,0,2,0,0,1,0,0,73352,icononzo,73,Tolima
897,73408,1,0,0,2,1,0,2,0,1,0,1,1,0,0,0,2,1,0,2,3,1,73408,lérida,73,Tolima
898,73411,3,2,1,1,0,3,1,1,0,3,3,0,6,1,2,4,4,5,1,2,3,73411,líbano,73,Tolima
899,73443,1,2,2,1,0,1,0,1,1,0,2,3,2,1,0,1,5,2,3,0,4,73443,san sebastián de mariquita,73,Tolima
900,73449,0,0,0,1,0,2,2,2,2,1,1,2,2,2,2,0,0,2,2,3,3,73449,melgar,73,Tolima
901,73461,0,0,0,0,0,0,0,0,0,0,0,0,0,0,1,0,0,0,0,0,0,73461,murillo,73,Tolima
902,73483,0,2,1,1,0,0,0,2,0,2,0,1,1,1,3,0,0,0,0,1,1,73483,natagaima,73,Tolima
903,73504,1,0,0,0,0,0,1,0,0,0,0,1,1,0,1,4,0,1,3,0,0,73504,ortega,73,Tolima
904,73520,0,0,0,0,1,0,0,0,0,1,0,0,0,0,1,0,2,0,1,0,0,73520,palocabildo,73,Tolima
905,73547,0,0,0,0,0,0,0,0,1,0,0,1,1,0,0,0,0,0,0,1,0,73547,piedras,73,Tolima
906,73555,1,0,0,0,0,1,0,0,0,0,1,0,0,2,1,0,2,1,0,0,0,73555,planadas,73,Tolima
907,73563,2,1,0,2,0,0,0,0,0,1,2,0,2,0,0,0,0,1,0,1,2,73563,prado,73,Tolima
908,73585,2,2,4,1,1,3,2,0,1,3,2,0,1,1,2,5,0,0,5,2,3,73585,purificación,73,Tolima
909,73616,0,0,0,0,0,0,0,0,1,0,1,2,0,0,0,0,0,0,0,0,1,73616,rioblanco,73,Tolima
910,73622,0,0,0,0,0,0,0,0,0,0,0,0,0,1,0,1,0,1,0,0,0,73622,roncesvalles,73,Tolima
911,73624,2,0,1,1,0,0,2,1,1,0,0,0,1,2,0,3,1,2,2,0,1,73624,rovira,73,Tolima
912,73671,0,0,2,0,1,0,1,0,0,0,0,0,0,1,0,3,1,0,2,0,1,73671,saldaña,73,Tolima
913,73675,0,0,0,0,0,0,0,2,0,1,0,0,1,0,2,0,2,0,0,1,0,73675,san antonio,73,Tolima
914,73678,0,1,1,1,0,0,0,2,1,0,1,0,1,1,0,1,0,0,0,0,0,73678,san luis,73,Tolima
915,73686,0,0,0,0,1,0,0,0,1,0,1,0,0,1,1,0,0,0,0,0,1,73686,santa isabel,73,Tolima
916,73770,0,0,1,0,0,0,0,2,0,0,0,0,0,0,1,0,0,0,1,0,0,73770,suárez,73,Tolima
917,73854,0,1,0,0,0,0,0,0,1,0,0,0,0,0,2,0,0,0,1,2,1,73854,valle de san juan,73,Tolima
918,73861,0,0,0,0,2,2,1,1,1,0,1,1,0,2,0,2,1,0,0,2,1,73861,venadillo,73,Tolima
919,73870,0,0,0,0,0,0,0,0,0,0,0,0,1,0,0,1,1,2,0,0,1,73870,villahermosa,73,Tolima
920,76001,123,137,146,145,154,151,159,141,164,191,162,166,209,185,194,211,246,231,252,257,294,76001,cali,76,Valle del Cauca
921,76020,2,1,0,0,0,1,2,0,0,2,1,1,1,1,1,1,2,1,2,0,1,76020,alcalá,76,Valle del Cauca
922,76036,0,1,0,2,1,0,0,0,0,0,4,0,0,0,4,1,2,2,1,2,2,76036,andalucía,76,Valle del Cauca
923,76041,0,0,0,1,0,2,1,0,0,1,0,1,0,0,1,2,1,1,1,0,0,76041,ansermanuevo,76,Valle del Cauca
924,76054,0,0,0,1,0,1,0,0,0,0,0,0,0,0,0,0,0,1,0,0,0,76054,argelia,76,Valle del Cauca
925,76100,0,1,0,0,2,0,1,1,1,0,2,0,1,0,0,0,0,2,1,0,3,76100,bolívar,76,Valle del Cauca
926,76109,7,7,5,9,8,12,9,10,11,9,9,10,11,13,11,18,14,11,22,13,18,76109,buenaventura,76,Valle del Cauca
927,76111,5,8,11,9,10,9,10,11,11,6,10,10,11,6,10,14,10,13,16,12,12,76111,guadalajara de buga,76,Valle del Cauca
928,76113,1,2,2,0,3,1,1,2,2,2,1,0,2,1,2,1,0,1,2,3,5,76113,bugalagrande,76,Valle del Cauca
929,76122,2,3,1,1,1,0,0,0,4,1,3,2,2,0,3,3,0,1,2,5,3,76122,caicedonia,76,Valle del Cauca
930,76126,1,0,1,1,0,0,2,0,0,0,0,2,1,0,0,0,0,2,2,1,2,76126,calima,76,Valle del Cauca
931,76130,0,3,2,2,7,4,3,4,3,4,4,1,3,3,5,5,8,3,6,2,10,76130,candelaria,76,Valle del Cauca
932,76147,9,14,8,12,6,15,15,9,16,12,18,13,9,9,8,4,13,23,15,11,18,76147,cartago,76,Valle del Cauca
933,76233,1,2,1,0,2,0,1,1,0,3,2,0,1,1,0,2,1,1,1,0,2,76233,dagua,76,Valle del Cauca
934,76243,0,0,0,0,0,0,0,0,0,0,1,0,0,1,0,0,1,0,0,1,1,76243,el águila,76,Valle del Cauca
935,76246,0,0,1,0,0,0,0,0,0,1,0,0,0,0,0,2,0,1,0,0,0,76246,el cairo,76,Valle del Cauca
936,76248,4,4,0,5,4,3,4,3,2,6,6,4,2,4,9,2,3,4,4,9,10,76248,el cerrito,76,Valle del Cauca
937,76250,0,0,0,0,0,2,0,0,1,1,0,2,1,0,0,0,0,1,1,1,1,76250,el dovio,76,Valle del Cauca
938,76275,3,1,1,6,2,0,2,6,4,5,4,6,5,2,0,2,2,6,3,2,7,76275,florida,76,Valle del Cauca
939,76306,0,1,0,1,0,0,1,1,4,2,1,0,2,1,2,3,2,0,2,2,4,76306,ginebra,76,Valle del Cauca
940,76318,2,1,0,2,4,2,0,2,1,2,3,2,2,0,2,3,0,3,6,4,0,76318,guacarí,76,Valle del Cauca
941,76364,4,0,3,5,8,8,5,5,6,6,1,2,5,12,4,6,6,9,9,17,11,76364,jamundí,76,Valle del Cauca
942,76377,0,0,1,0,0,1,1,0,1,1,0,1,0,1,0,0,1,1,1,1,0,76377,la cumbre,76,Valle del Cauca
943,76400,1,0,3,3,2,2,1,1,3,0,2,1,1,1,2,2,5,3,3,3,1,76400,la unión,76,Valle del Cauca
944,76403,0,1,1,1,1,0,2,2,1,0,0,0,0,0,0,0,5,0,1,2,1,76403,la victoria,76,Valle del Cauca
945,76497,0,0,1,1,2,0,0,1,1,2,1,2,1,1,1,0,1,4,0,0,2,76497,obando,76,Valle del Cauca
946,76520,20,19,24,18,18,22,30,21,21,17,15,24,20,28,17,26,36,25,36,38,44,76520,palmira,76,Valle del Cauca
947,76563,0,4,3,3,1,1,2,2,4,1,2,4,3,4,0,4,2,1,1,2,4,76563,pradera,76,Valle del Cauca
948,76606,0,1,2,1,1,0,0,0,0,0,0,1,0,2,2,0,0,0,3,0,0,76606,restrepo,76,Valle del Cauca
949,76616,0,0,0,0,0,1,1,0,1,0,0,1,1,0,2,0,0,0,0,0,1,76616,riofrío,76,Valle del Cauca
950,76622,1,0,3,1,2,1,2,2,1,1,1,6,4,6,2,3,1,4,1,1,2,76622,roldanillo,76,Valle del Cauca
951,76670,0,0,0,0,1,1,0,0,1,1,0,0,0,1,1,0,0,1,0,0,0,76670,san pedro,76,Valle del Cauca
952,76736,0,3,1,1,3,3,2,2,0,4,0,1,3,2,1,5,2,4,4,1,7,76736,sevilla,76,Valle del Cauca
953,76823,0,1,0,2,1,0,1,2,1,1,1,0,0,0,0,0,0,1,0,2,0,76823,toro,76,Valle del Cauca
954,76828,0,3,1,1,2,0,1,0,1,2,1,1,2,0,0,1,0,1,3,3,1,76828,trujillo,76,Valle del Cauca
955,76834,6,7,8,17,7,16,13,11,17,17,18,17,16,15,15,16,19,27,17,23,24,76834,tuluá,76,Valle del Cauca
956,76845,1,0,0,0,0,0,0,1,0,0,0,0,1,0,0,0,0,0,1,0,0,76845,ulloa,76,Valle del Cauca
957,76863,0,1,1,0,0,0,0,0,0,3,1,1,1,0,1,0,1,0,1,1,1,76863,versalles,76,Valle del Cauca
958,76869,0,1,0,2,0,0,0,1,0,1,0,1,0,1,1,0,0,1,1,1,0,76869,vijes,76,Valle del Cauca
959,76890,0,1,0,0,0,1,1,0,0,1,1,0,1,3,1,1,1,1,2,2,2,76890,yotoco,76,Valle del Cauca
960,76892,0,2,5,2,4,2,6,4,7,2,10,9,3,4,9,0,5,9,10,6,9,76892,yumbo,76,Valle del Cauca
961,76895,3,1,6,4,7,1,1,3,3,7,3,4,4,5,0,2,1,0,3,3,5,76895,zarzal,76,Valle del Cauca
962,81001,0,3,3,2,0,3,6,3,1,6,2,6,2,5,3,5,7,5,6,2,6,81001,arauca,81,Arauca
963,81065,0,0,0,0,0,0,1,0,0,0,0,2,0,2,1,1,1,2,0,4,0,81065,arauquita,81,Arauca
964,81220,0,0,0,0,0,0,1,0,0,0,0,0,1,0,1,0,0,0,0,0,1,81220,cravo norte,81,Arauca
965,81300,0,0,2,0,0,0,1,0,0,1,0,1,0,0,0,1,0,0,1,0,0,81300,fortul,81,Arauca
966,81591,0,0,0,0,0,0,0,0,0,1,0,1,1,0,0,0,0,0,0,0,0,81591,puerto rondón,81,Arauca
967,81736,1,0,2,0,2,1,0,2,1,3,1,2,2,3,3,3,0,3,0,0,3,81736,saravena,81,Arauca
968,81794,0,0,0,1,1,1,1,3,0,0,2,0,2,3,1,1,3,2,3,3,2,81794,tame,81,Arauca
969,85001,1,1,0,4,1,1,0,6,2,0,2,3,5,4,6,3,4,3,6,8,7,85001,yopal,85,Casanare
970,85010,0,0,0,0,0,0,0,0,0,0,3,0,1,1,2,0,1,2,1,1,1,85010,aguazul,85,Casanare
971,85015,0,0,0,0,0,0,0,0,0,0,0,0,0,0,0,0,1,0,0,0,0,85015,chámeza,85,Casanare
972,85125,0,0,0,0,0,1,0,1,0,0,0,0,0,0,0,1,0,1,0,0,0,85125,hato corozal,85,Casanare
973,85139,0,0,0,0,0,0,0,0,0,0,0,0,2,0,1,1,1,0,2,0,0,85139,maní,85,Casanare
974,85162,0,0,0,0,1,0,0,1,1,2,0,0,1,0,4,0,0,0,0,2,0,85162,monterrey,85,Casanare
975,85230,0,0,0,0,0,0,0,0,0,0,0,0,0,0,0,0,1,1,2,1,0,85230,orocué,85,Casanare
976,85250,0,1,1,2,0,1,0,2,0,2,1,0,3,0,1,1,1,1,2,2,4,85250,paz de ariporo,85,Casanare
977,85263,0,0,0,0,0,0,0,0,0,0,0,1,0,0,1,0,0,0,0,0,1,85263,pore,85,Casanare
978,85300,0,1,0,0,0,1,0,0,0,0,0,0,0,0,0,0,0,0,0,0,0,85300,sabanalarga,85,Casanare
979,85325,1,0,0,0,1,0,1,0,0,0,1,0,0,0,0,0,0,0,0,0,0,85325,san luis de palenque,85,Casanare
980,85410,0,0,0,0,0,0,0,0,1,1,0,0,0,0,0,0,0,0,2,1,0,85410,tauramena,85,Casanare
981,85430,0,0,0,1,1,0,0,0,0,0,0,0,0,0,0,0,0,0,0,0,0,85430,trinidad,85,Casanare
982,85440,0,0,1,0,1,1,0,0,0,0,0,1,0,1,1,3,0,1,1,1,0,85440,villanueva,85,Casanare
983,86001,0,1,0,1,0,1,3,0,2,2,0,1,1,2,1,2,0,1,3,1,2,86001,mocoa,86,Putumayo
984,86219,0,0,0,0,0,1,0,0,0,0,0,0,0,0,1,0,0,0,1,1,1,86219,colón,86,Putumayo
985,86320,1,0,0,0,0,0,0,0,1,0,0,0,0,1,0,1,1,3,0,1,3,86320,orito,86,Putumayo
986,86568,0,1,1,0,0,0,0,0,1,0,2,1,0,0,3,0,2,5,1,1,3,86568,puerto asís,86,Putumayo
987,86569,0,0,0,0,0,0,0,0,0,0,0,0,0,0,0,0,0,0,0,1,0,86569,puerto caicedo,86,Putumayo
988,86571,0,0,0,0,0,0,0,0,0,0,0,0,0,0,0,0,0,2,1,0,1,86571,puerto guzmán,86,Putumayo
989,86573,0,0,0,0,0,0,0,1,0,0,0,0,0,0,0,0,0,0,0,1,2,86573,puerto leguízamo,86,Putumayo
990,86749,0,0,0,0,0,1,2,1,0,0,1,0,1,0,0,0,0,0,0,0,0,86749,sibundoy,86,Putumayo
991,86755,0,0,0,0,0,0,0,0,0,0,0,0,0,0,0,1,1,1,0,0,0,86755,san francisco,86,Putumayo
992,86757,0,0,0,0,0,0,0,0,0,0,0,0,0,0,1,0,1,0,2,0,0,86757,san miguel,86,Putumayo
993,86760,0,0,0,0,0,0,0,0,0,0,0,0,1,0,0,0,1,0,0,0,0,86760,santiago,86,Putumayo
994,86865,0,0,0,0,0,0,0,0,0,0,0,2,0,1,2,0,1,0,1,1,0,86865,valle del guamuez,86,Putumayo
995,86885,0,0,0,0,0,0,0,0,0,1,0,0,1,0,0,2,2,1,2,1,0,86885,villagarzón,86,Putumayo
996,88001,2,2,2,4,3,5,1,6,5,7,2,1,4,5,2,4,2,2,6,4,3,88001,san andrés,88,"Archipiélago S.A, P. y Sta. C."
997,88564,0,0,1,1,1,0,1,0,0,0,0,1,1,1,0,0,0,0,0,1,0,88564,providencia,88,"Archipiélago S.A, P. y Sta. C."
998,91001,0,1,0,1,3,1,1,0,0,1,0,1,0,1,0,1,2,3,0,1,1,91001,leticia,91,Amazonas
999,94001,0,0,0,0,0,0,0,0,0,0,0,0,1,1,0,0,0,0,0,0,1,94001,inírida,94,Guainía
1000,95001,0,0,0,0,1,1,2,0,0,1,2,1,1,1,0,1,1,2,2,3,1,95001,san josé del guaviare,95,Guaviare
1001,95015,0,0,0,0,0,0,0,0,0,0,0,0,0,1,1,0,2,0,1,0,1,95015,calamar,95,Guaviare
1002,95200,0,0,0,0,0,0,0,0,0,0,0,0,0,1,0,0,0,0,0,0,0,95200,miraflores,95,Guaviare
1003,97001,0,0,0,0,0,0,0,0,0,1,0,0,0,1,0,0,0,0,0,0,0,97001,mitú,97,Vaupés
1004,97161,0,0,0,1,0,0,0,0,0,0,0,0,0,0,0,0,0,0,0,0,0,97161,carurú,97,Vaupés
1005,99001,0,2,1,0,0,0,1,1,0,3,0,0,1,0,0,0,0,0,1,1,0,99001,puerto carreño,99,Vichada
1006,99524,0,0,0,0,0,0,0,0,0,0,1,0,0,0,0,0,0,0,0,0,0,99524,la primavera,99,Vichada
1007,99624,0,0,0,0,0,0,0,0,0,0,0,0,0,1,0,0,0,0,0,0,0,99624,santa rosalía,99,Vichada
1008,99773,0,0,0,0,0,0,0,0,0,0,0,1,0,0,0,0,0,0,1,1,0,99773,cumaribo,99,Vichada
